TS;Test;Model;Target Band;Target Freq;Target mW;Target dBm;Info;mW;dBm;dif_mW;dif_dBm
1623517031000000000;20210612_1623517028;DEMO_MODE;A;5865;25,0;13,98;Teststand, manuelle Einstellungen;29,34;14,68;4,34;0,7
1623517032000000000;20210612_1623517028;DEMO_MODE;A;5865;25,0;13,98;Teststand, manuelle Einstellungen;21,06;13,23;-3,94;-0,74
1623517032000000000;20210612_1623517028;DEMO_MODE;A;5865;25,0;13,98;Teststand, manuelle Einstellungen;20,41;13,1;-4,59;-0,88
1623517032000000000;20210612_1623517028;DEMO_MODE;A;5865;25,0;13,98;Teststand, manuelle Einstellungen;23,99;13,8;-1,01;-0,18
1623517032000000000;20210612_1623517028;DEMO_MODE;A;5865;25,0;13,98;Teststand, manuelle Einstellungen;22,93;13,6;-2,07;-0,38
1623517033000000000;20210612_1623517028;DEMO_MODE;A;5865;25,0;13,98;Teststand, manuelle Einstellungen;23,84;13,77;-1,16;-0,21
1623517033000000000;20210612_1623517028;DEMO_MODE;A;5865;25,0;13,98;Teststand, manuelle Einstellungen;22,28;13,48;-2,72;-0,5
1623517033000000000;20210612_1623517028;DEMO_MODE;A;5865;25,0;13,98;Teststand, manuelle Einstellungen;29,33;14,67;4,33;0,69
1623517033000000000;20210612_1623517028;DEMO_MODE;A;5865;25,0;13,98;Teststand, manuelle Einstellungen;28,11;14,49;3,11;0,51
1623517034000000000;20210612_1623517028;DEMO_MODE;A;5865;25,0;13,98;Teststand, manuelle Einstellungen;30,84;14,89;5,84;0,91
1623517034000000000;20210612_1623517028;DEMO_MODE;A;5865;25,0;13,98;Teststand, manuelle Einstellungen;20,88;13,2;-4,12;-0,78
1623517034000000000;20210612_1623517028;DEMO_MODE;A;5865;25,0;13,98;Teststand, manuelle Einstellungen;29,18;14,65;4,18;0,67
1623517035000000000;20210612_1623517028;DEMO_MODE;A;5865;25,0;13,98;Teststand, manuelle Einstellungen;26,32;14,2;1,32;0,22
1623517035000000000;20210612_1623517028;DEMO_MODE;A;5865;25,0;13,98;Teststand, manuelle Einstellungen;23,46;13,7;-1,54;-0,28
1623517035000000000;20210612_1623517028;DEMO_MODE;A;5865;25,0;13,98;Teststand, manuelle Einstellungen;22,75;13,57;-2,25;-0,41
1623517035000000000;20210612_1623517028;DEMO_MODE;A;5865;25,0;13,98;Teststand, manuelle Einstellungen;21,54;13,33;-3,46;-0,65
1623517036000000000;20210612_1623517028;DEMO_MODE;A;5865;25,0;13,98;Teststand, manuelle Einstellungen;24,99;13,98;-0,01;-0,0
1623517036000000000;20210612_1623517028;DEMO_MODE;A;5865;25,0;13,98;Teststand, manuelle Einstellungen;24,52;13,9;-0,48;-0,08
1623517036000000000;20210612_1623517028;DEMO_MODE;A;5865;25,0;13,98;Teststand, manuelle Einstellungen;30,94;14,9;5,94;0,93
1623517036000000000;20210612_1623517028;DEMO_MODE;A;5865;25,0;13,98;Teststand, manuelle Einstellungen;26,37;14,21;1,37;0,23
1623517037000000000;20210612_1623517028;DEMO_MODE;A;5865;25,0;13,98;Teststand, manuelle Einstellungen;22,01;13,43;-2,99;-0,55
1623517037000000000;20210612_1623517028;DEMO_MODE;A;5865;25,0;13,98;Teststand, manuelle Einstellungen;26,5;14,23;1,5;0,25
1623517037000000000;20210612_1623517028;DEMO_MODE;A;5865;25,0;13,98;Teststand, manuelle Einstellungen;26,0;14,15;1,0;0,17
1623517037000000000;20210612_1623517028;DEMO_MODE;A;5865;25,0;13,98;Teststand, manuelle Einstellungen;28,64;14,57;3,64;0,59
1623517038000000000;20210612_1623517028;DEMO_MODE;A;5865;25,0;13,98;Teststand, manuelle Einstellungen;22,32;13,49;-2,68;-0,49
1623517038000000000;20210612_1623517028;DEMO_MODE;A;5865;25,0;13,98;Teststand, manuelle Einstellungen;27,43;14,38;2,43;0,4
1623517038000000000;20210612_1623517028;DEMO_MODE;A;5865;25,0;13,98;Teststand, manuelle Einstellungen;30,5;14,84;5,5;0,86
1623517038000000000;20210612_1623517028;DEMO_MODE;A;5865;25,0;13,98;Teststand, manuelle Einstellungen;21,83;13,39;-3,17;-0,59
1623517039000000000;20210612_1623517028;DEMO_MODE;A;5865;25,0;13,98;Teststand, manuelle Einstellungen;26,33;14,21;1,33;0,23
1623517039000000000;20210612_1623517028;DEMO_MODE;A;5865;25,0;13,98;Teststand, manuelle Einstellungen;26,87;14,29;1,87;0,31
1623517039000000000;20210612_1623517028;DEMO_MODE;A;5865;25,0;13,98;Teststand, manuelle Einstellungen;22,33;13,49;-2,67;-0,49
1623517039000000000;20210612_1623517028;DEMO_MODE;A;5865;25,0;13,98;Teststand, manuelle Einstellungen;20,84;13,19;-4,16;-0,79
1623517040000000000;20210612_1623517028;DEMO_MODE;A;5865;25,0;13,98;Teststand, manuelle Einstellungen;26,81;14,28;1,81;0,3
1623517040000000000;20210612_1623517028;DEMO_MODE;A;5865;25,0;13,98;Teststand, manuelle Einstellungen;27,25;14,35;2,25;0,38
1623517040000000000;20210612_1623517028;DEMO_MODE;A;5865;25,0;13,98;Teststand, manuelle Einstellungen;22,86;13,59;-2,14;-0,39
1623517040000000000;20210612_1623517028;DEMO_MODE;A;5865;25,0;13,98;Teststand, manuelle Einstellungen;26,85;14,29;1,85;0,31
1623517041000000000;20210612_1623517028;DEMO_MODE;A;5865;25,0;13,98;Teststand, manuelle Einstellungen;21,55;13,33;-3,45;-0,64
1623517041000000000;20210612_1623517028;DEMO_MODE;A;5865;25,0;13,98;Teststand, manuelle Einstellungen;24,06;13,81;-0,94;-0,17
1623517041000000000;20210612_1623517028;DEMO_MODE;A;5865;25,0;13,98;Teststand, manuelle Einstellungen;29,84;14,75;4,84;0,77
1623517041000000000;20210612_1623517028;DEMO_MODE;A;5865;25,0;13,98;Teststand, manuelle Einstellungen;22,8;13,58;-2,2;-0,4
1623517042000000000;20210612_1623517028;DEMO_MODE;A;5865;25,0;13,98;Teststand, manuelle Einstellungen;24,48;13,89;-0,52;-0,09
1623517042000000000;20210612_1623517028;DEMO_MODE;A;5865;25,0;13,98;Teststand, manuelle Einstellungen;20,09;13,03;-4,91;-0,95
1623517042000000000;20210612_1623517028;DEMO_MODE;A;5865;25,0;13,98;Teststand, manuelle Einstellungen;22,93;13,61;-2,07;-0,37
1623517042000000000;20210612_1623517028;DEMO_MODE;A;5865;25,0;13,98;Teststand, manuelle Einstellungen;23,15;13,64;-1,85;-0,33
1623517043000000000;20210612_1623517028;DEMO_MODE;A;5865;25,0;13,98;Teststand, manuelle Einstellungen;28,84;14,6;3,84;0,62
1623517043000000000;20210612_1623517028;DEMO_MODE;A;5865;25,0;13,98;Teststand, manuelle Einstellungen;25,11;14,0;0,11;0,02
1623517043000000000;20210612_1623517028;DEMO_MODE;A;5865;25,0;13,98;Teststand, manuelle Einstellungen;30,37;14,82;5,37;0,85
1623517043000000000;20210612_1623517028;DEMO_MODE;A;5865;25,0;13,98;Teststand, manuelle Einstellungen;21,11;13,24;-3,89;-0,73
1623517044000000000;20210612_1623517028;DEMO_MODE;A;5865;25,0;13,98;Teststand, manuelle Einstellungen;24,18;13,83;-0,82;-0,14
1623517044000000000;20210612_1623517028;DEMO_MODE;A;5865;25,0;13,98;Teststand, manuelle Einstellungen;20,01;13,01;-4,99;-0,97
1623517044000000000;20210612_1623517028;DEMO_MODE;A;5865;25,0;13,98;Teststand, manuelle Einstellungen;24,82;13,95;-0,18;-0,03
1623517044000000000;20210612_1623517028;DEMO_MODE;A;5865;25,0;13,98;Teststand, manuelle Einstellungen;25,92;14,14;0,92;0,16
1623517045000000000;20210612_1623517028;DEMO_MODE;A;5865;25,0;13,98;Teststand, manuelle Einstellungen;25,1;14,0;0,1;0,02
1623517045000000000;20210612_1623517028;DEMO_MODE;A;5865;25,0;13,98;Teststand, manuelle Einstellungen;29,69;14,73;4,69;0,75
1623517045000000000;20210612_1623517028;DEMO_MODE;A;5865;25,0;13,98;Teststand, manuelle Einstellungen;21,5;13,32;-3,5;-0,65
1623517045000000000;20210612_1623517028;DEMO_MODE;A;5865;25,0;13,98;Teststand, manuelle Einstellungen;25,29;14,03;0,29;0,05
1623517046000000000;20210612_1623517028;DEMO_MODE;A;5865;25,0;13,98;Teststand, manuelle Einstellungen;22,41;13,51;-2,59;-0,47
1623517046000000000;20210612_1623517028;DEMO_MODE;A;5865;25,0;13,98;Teststand, manuelle Einstellungen;25,38;14,04;0,38;0,07
1623517046000000000;20210612_1623517028;DEMO_MODE;A;5865;25,0;13,98;Teststand, manuelle Einstellungen;25,55;14,07;0,55;0,09
1623517046000000000;20210612_1623517028;DEMO_MODE;A;5865;25,0;13,98;Teststand, manuelle Einstellungen;20,75;13,17;-4,25;-0,81
1623517047000000000;20210612_1623517028;DEMO_MODE;A;5865;25,0;13,98;Teststand, manuelle Einstellungen;29,27;14,66;4,27;0,69
1623517047000000000;20210612_1623517028;DEMO_MODE;A;5865;25,0;13,98;Teststand, manuelle Einstellungen;22,35;13,49;-2,65;-0,49
1623517047000000000;20210612_1623517028;DEMO_MODE;A;5865;25,0;13,98;Teststand, manuelle Einstellungen;25,04;13,99;0,04;0,01
1623517047000000000;20210612_1623517028;DEMO_MODE;A;5865;25,0;13,98;Teststand, manuelle Einstellungen;23,45;13,7;-1,55;-0,28
1623517048000000000;20210612_1623517028;DEMO_MODE;A;5865;25,0;13,98;Teststand, manuelle Einstellungen;25,28;14,03;0,28;0,05
1623517048000000000;20210612_1623517028;DEMO_MODE;A;5865;25,0;13,98;Teststand, manuelle Einstellungen;20,8;13,18;-4,2;-0,8
1623517048000000000;20210612_1623517028;DEMO_MODE;A;5865;25,0;13,98;Teststand, manuelle Einstellungen;28,85;14,6;3,85;0,62
1623517048000000000;20210612_1623517028;DEMO_MODE;A;5865;25,0;13,98;Teststand, manuelle Einstellungen;29,24;14,66;4,24;0,68
1623517049000000000;20210612_1623517028;DEMO_MODE;A;5865;25,0;13,98;Teststand, manuelle Einstellungen;24,36;13,87;-0,64;-0,11
1623517049000000000;20210612_1623517028;DEMO_MODE;A;5865;25,0;13,98;Teststand, manuelle Einstellungen;29,71;14,73;4,71;0,75
1623517049000000000;20210612_1623517028;DEMO_MODE;A;5865;25,0;13,98;Teststand, manuelle Einstellungen;20,44;13,11;-4,56;-0,87
1623517049000000000;20210612_1623517028;DEMO_MODE;A;5865;25,0;13,98;Teststand, manuelle Einstellungen;20,72;13,16;-4,28;-0,82
1623517050000000000;20210612_1623517028;DEMO_MODE;A;5865;25,0;13,98;Teststand, manuelle Einstellungen;23,46;13,7;-1,54;-0,28
1623517050000000000;20210612_1623517028;DEMO_MODE;A;5865;25,0;13,98;Teststand, manuelle Einstellungen;30,94;14,9;5,94;0,93
1623517050000000000;20210612_1623517028;DEMO_MODE;A;5865;25,0;13,98;Teststand, manuelle Einstellungen;22,18;13,46;-2,82;-0,52
1623517050000000000;20210612_1623517028;DEMO_MODE;A;5865;25,0;13,98;Teststand, manuelle Einstellungen;26,98;14,31;1,98;0,33
1623517051000000000;20210612_1623517028;DEMO_MODE;A;5865;25,0;13,98;Teststand, manuelle Einstellungen;30,78;14,88;5,78;0,9
1623517051000000000;20210612_1623517028;DEMO_MODE;A;5865;25,0;13,98;Teststand, manuelle Einstellungen;27,11;14,33;2,11;0,35
1623517051000000000;20210612_1623517028;DEMO_MODE;A;5865;25,0;13,98;Teststand, manuelle Einstellungen;20,69;13,16;-4,31;-0,82
1623517051000000000;20210612_1623517028;DEMO_MODE;A;5865;25,0;13,98;Teststand, manuelle Einstellungen;26,84;14,29;1,84;0,31
1623517052000000000;20210612_1623517028;DEMO_MODE;A;5865;25,0;13,98;Teststand, manuelle Einstellungen;26,3;14,2;1,3;0,22
1623517052000000000;20210612_1623517028;DEMO_MODE;A;5865;25,0;13,98;Teststand, manuelle Einstellungen;23,79;13,76;-1,21;-0,22
1623517052000000000;20210612_1623517028;DEMO_MODE;A;5865;25,0;13,98;Teststand, manuelle Einstellungen;21,42;13,31;-3,58;-0,67
1623517052000000000;20210612_1623517028;DEMO_MODE;A;5865;25,0;13,98;Teststand, manuelle Einstellungen;21,6;13,35;-3,4;-0,63
1623517053000000000;20210612_1623517028;DEMO_MODE;A;5865;25,0;13,98;Teststand, manuelle Einstellungen;26,5;14,23;1,5;0,25
1623517053000000000;20210612_1623517028;DEMO_MODE;A;5865;25,0;13,98;Teststand, manuelle Einstellungen;30,75;14,88;5,75;0,9
1623517053000000000;20210612_1623517028;DEMO_MODE;A;5865;25,0;13,98;Teststand, manuelle Einstellungen;21,99;13,42;-3,01;-0,56
1623517053000000000;20210612_1623517028;DEMO_MODE;A;5865;25,0;13,98;Teststand, manuelle Einstellungen;30,0;14,77;5,0;0,79
1623517054000000000;20210612_1623517028;DEMO_MODE;A;5865;25,0;13,98;Teststand, manuelle Einstellungen;26,96;14,31;1,96;0,33
1623517054000000000;20210612_1623517028;DEMO_MODE;A;5865;25,0;13,98;Teststand, manuelle Einstellungen;30,33;14,82;5,33;0,84
1623517054000000000;20210612_1623517028;DEMO_MODE;A;5865;25,0;13,98;Teststand, manuelle Einstellungen;23,26;13,67;-1,74;-0,31
1623517055000000000;20210612_1623517028;DEMO_MODE;A;5865;25,0;13,98;Teststand, manuelle Einstellungen;27,33;14,37;2,33;0,39
1623517055000000000;20210612_1623517028;DEMO_MODE;A;5865;25,0;13,98;Teststand, manuelle Einstellungen;25,47;14,06;0,47;0,08
1623517055000000000;20210612_1623517028;DEMO_MODE;A;5865;25,0;13,98;Teststand, manuelle Einstellungen;29,84;14,75;4,84;0,77
1623517055000000000;20210612_1623517028;DEMO_MODE;A;5865;25,0;13,98;Teststand, manuelle Einstellungen;29,25;14,66;4,25;0,68
1623517056000000000;20210612_1623517028;DEMO_MODE;A;5865;25,0;13,98;Teststand, manuelle Einstellungen;20,21;13,05;-4,79;-0,92
1623517056000000000;20210612_1623517028;DEMO_MODE;A;5865;25,0;13,98;Teststand, manuelle Einstellungen;23,76;13,76;-1,24;-0,22
1623517056000000000;20210612_1623517028;DEMO_MODE;A;5865;25,0;13,98;Teststand, manuelle Einstellungen;20,59;13,14;-4,41;-0,84
1623517056000000000;20210612_1623517028;DEMO_MODE;A;5865;25,0;13,98;Teststand, manuelle Einstellungen;27,25;14,35;2,25;0,38
1623517057000000000;20210612_1623517028;DEMO_MODE;A;5865;25,0;13,98;Teststand, manuelle Einstellungen;20,39;13,09;-4,61;-0,88
1623517057000000000;20210612_1623517028;DEMO_MODE;A;5865;25,0;13,98;Teststand, manuelle Einstellungen;28,13;14,49;3,13;0,51
1623517057000000000;20210612_1623517028;DEMO_MODE;A;5865;25,0;13,98;Teststand, manuelle Einstellungen;25,67;14,09;0,67;0,12
1623517057000000000;20210612_1623517028;DEMO_MODE;A;5865;25,0;13,98;Teststand, manuelle Einstellungen;19,96;13,0;-5,04;-0,98
1623517058000000000;20210612_1623517028;DEMO_MODE;A;5865;25,0;13,98;Teststand, manuelle Einstellungen;31,3;14,96;6,3;0,98
1623517058000000000;20210612_1623517028;DEMO_MODE;A;5865;25,0;13,98;Teststand, manuelle Einstellungen;28,07;14,48;3,07;0,5
1623517058000000000;20210612_1623517028;DEMO_MODE;A;5865;25,0;13,98;Teststand, manuelle Einstellungen;27,12;14,33;2,12;0,35
1623517058000000000;20210612_1623517028;DEMO_MODE;A;5865;25,0;13,98;Teststand, manuelle Einstellungen;20,11;13,03;-4,89;-0,94
1623517059000000000;20210612_1623517028;DEMO_MODE;A;5865;25,0;13,98;Teststand, manuelle Einstellungen;31,18;14,94;6,18;0,96
1623517059000000000;20210612_1623517028;DEMO_MODE;A;5865;25,0;13,98;Teststand, manuelle Einstellungen;22,4;13,5;-2,6;-0,48
1623517059000000000;20210612_1623517028;DEMO_MODE;A;5865;25,0;13,98;Teststand, manuelle Einstellungen;21,84;13,39;-3,16;-0,59
1623517059000000000;20210612_1623517028;DEMO_MODE;A;5865;25,0;13,98;Teststand, manuelle Einstellungen;25,45;14,06;0,45;0,08
1623517060000000000;20210612_1623517028;DEMO_MODE;A;5865;25,0;13,98;Teststand, manuelle Einstellungen;23,33;13,68;-1,67;-0,3
1623517060000000000;20210612_1623517028;DEMO_MODE;A;5865;25,0;13,98;Teststand, manuelle Einstellungen;30,96;14,91;5,96;0,93
1623517060000000000;20210612_1623517028;DEMO_MODE;A;5865;25,0;13,98;Teststand, manuelle Einstellungen;25,43;14,05;0,43;0,07
1623517060000000000;20210612_1623517028;DEMO_MODE;A;5865;25,0;13,98;Teststand, manuelle Einstellungen;20,02;13,01;-4,98;-0,96
1623517061000000000;20210612_1623517028;DEMO_MODE;A;5865;25,0;13,98;Teststand, manuelle Einstellungen;25,26;14,03;0,26;0,05
1623517061000000000;20210612_1623517028;DEMO_MODE;A;5865;25,0;13,98;Teststand, manuelle Einstellungen;30,37;14,82;5,37;0,85
1623517061000000000;20210612_1623517028;DEMO_MODE;A;5865;25,0;13,98;Teststand, manuelle Einstellungen;28,29;14,52;3,29;0,54
1623517061000000000;20210612_1623517028;DEMO_MODE;A;5865;25,0;13,98;Teststand, manuelle Einstellungen;29,75;14,73;4,75;0,76
1623517062000000000;20210612_1623517028;DEMO_MODE;A;5865;25,0;13,98;Teststand, manuelle Einstellungen;21,42;13,31;-3,58;-0,67
1623517062000000000;20210612_1623517028;DEMO_MODE;A;5865;25,0;13,98;Teststand, manuelle Einstellungen;22,88;13,59;-2,12;-0,38
1623517062000000000;20210612_1623517028;DEMO_MODE;A;5865;25,0;13,98;Teststand, manuelle Einstellungen;24,08;13,82;-0,92;-0,16
1623517062000000000;20210612_1623517028;DEMO_MODE;A;5865;25,0;13,98;Teststand, manuelle Einstellungen;27,8;14,44;2,8;0,46
1623517063000000000;20210612_1623517028;DEMO_MODE;A;5865;25,0;13,98;Teststand, manuelle Einstellungen;22,58;13,54;-2,42;-0,44
1623517063000000000;20210612_1623517028;DEMO_MODE;A;5865;25,0;13,98;Teststand, manuelle Einstellungen;22,38;13,5;-2,62;-0,48
1623517063000000000;20210612_1623517028;DEMO_MODE;A;5865;25,0;13,98;Teststand, manuelle Einstellungen;30,58;14,85;5,58;0,88
1623517063000000000;20210612_1623517028;DEMO_MODE;A;5865;25,0;13,98;Teststand, manuelle Einstellungen;22,07;13,44;-2,93;-0,54
1623517064000000000;20210612_1623517028;DEMO_MODE;A;5865;25,0;13,98;Teststand, manuelle Einstellungen;24,32;13,86;-0,68;-0,12
1623517064000000000;20210612_1623517028;DEMO_MODE;A;5865;25,0;13,98;Teststand, manuelle Einstellungen;29,27;14,66;4,27;0,69
1623517064000000000;20210612_1623517028;DEMO_MODE;A;5865;25,0;13,98;Teststand, manuelle Einstellungen;22,97;13,61;-2,03;-0,37
1623517064000000000;20210612_1623517028;DEMO_MODE;A;5865;25,0;13,98;Teststand, manuelle Einstellungen;28,68;14,57;3,68;0,6
1623517065000000000;20210612_1623517028;DEMO_MODE;A;5865;25,0;13,98;Teststand, manuelle Einstellungen;22,4;13,5;-2,6;-0,48
1623517065000000000;20210612_1623517028;DEMO_MODE;A;5865;25,0;13,98;Teststand, manuelle Einstellungen;25,09;13,99;0,09;0,02
1623517065000000000;20210612_1623517028;DEMO_MODE;A;5865;25,0;13,98;Teststand, manuelle Einstellungen;21,49;13,32;-3,51;-0,66
1623517065000000000;20210612_1623517028;DEMO_MODE;A;5865;25,0;13,98;Teststand, manuelle Einstellungen;27,22;14,35;2,22;0,37
1623517066000000000;20210612_1623517028;DEMO_MODE;A;5865;25,0;13,98;Teststand, manuelle Einstellungen;22,68;13,56;-2,32;-0,42
1623517066000000000;20210612_1623517028;DEMO_MODE;A;5865;25,0;13,98;Teststand, manuelle Einstellungen;25,93;14,14;0,93;0,16
1623517066000000000;20210612_1623517028;DEMO_MODE;A;5865;25,0;13,98;Teststand, manuelle Einstellungen;24,47;13,89;-0,53;-0,09
1623517066000000000;20210612_1623517028;DEMO_MODE;A;5865;25,0;13,98;Teststand, manuelle Einstellungen;30,4;14,83;5,4;0,85
1623517067000000000;20210612_1623517028;DEMO_MODE;A;5865;25,0;13,98;Teststand, manuelle Einstellungen;22,73;13,57;-2,27;-0,41
1623517067000000000;20210612_1623517028;DEMO_MODE;A;5865;25,0;13,98;Teststand, manuelle Einstellungen;27,68;14,42;2,68;0,44
1623517067000000000;20210612_1623517028;DEMO_MODE;A;5865;25,0;13,98;Teststand, manuelle Einstellungen;23,98;13,8;-1,02;-0,18
1623517067000000000;20210612_1623517028;DEMO_MODE;A;5865;25,0;13,98;Teststand, manuelle Einstellungen;21,99;13,42;-3,01;-0,56
1623517068000000000;20210612_1623517028;DEMO_MODE;A;5865;25,0;13,98;Teststand, manuelle Einstellungen;22,8;13,58;-2,2;-0,4
1623517068000000000;20210612_1623517028;DEMO_MODE;A;5865;25,0;13,98;Teststand, manuelle Einstellungen;24,55;13,9;-0,45;-0,08
1623517068000000000;20210612_1623517028;DEMO_MODE;A;5865;25,0;13,98;Teststand, manuelle Einstellungen;23,17;13,65;-1,83;-0,33
1623517068000000000;20210612_1623517028;DEMO_MODE;A;5865;25,0;13,98;Teststand, manuelle Einstellungen;30,3;14,81;5,3;0,84
1623517069000000000;20210612_1623517028;DEMO_MODE;A;5865;25,0;13,98;Teststand, manuelle Einstellungen;22,7;13,56;-2,3;-0,42
1623517069000000000;20210612_1623517028;DEMO_MODE;A;5865;25,0;13,98;Teststand, manuelle Einstellungen;24,6;13,91;-0,4;-0,07
1623517069000000000;20210612_1623517028;DEMO_MODE;A;5865;25,0;13,98;Teststand, manuelle Einstellungen;29,88;14,75;4,88;0,78
1623517069000000000;20210612_1623517028;DEMO_MODE;A;5865;25,0;13,98;Teststand, manuelle Einstellungen;28,2;14,5;3,2;0,52
1623517070000000000;20210612_1623517028;DEMO_MODE;A;5865;25,0;13,98;Teststand, manuelle Einstellungen;22,99;13,62;-2,01;-0,36
1623517070000000000;20210612_1623517028;DEMO_MODE;A;5865;25,0;13,98;Teststand, manuelle Einstellungen;23,38;13,69;-1,62;-0,29
1623517070000000000;20210612_1623517028;DEMO_MODE;A;5865;25,0;13,98;Teststand, manuelle Einstellungen;21,36;13,3;-3,64;-0,68
1623517070000000000;20210612_1623517028;DEMO_MODE;A;5865;25,0;13,98;Teststand, manuelle Einstellungen;28,6;14,56;3,6;0,58
1623517071000000000;20210612_1623517028;DEMO_MODE;A;5865;25,0;13,98;Teststand, manuelle Einstellungen;25,39;14,05;0,39;0,07
1623517071000000000;20210612_1623517028;DEMO_MODE;A;5865;25,0;13,98;Teststand, manuelle Einstellungen;26,75;14,27;1,75;0,29
1623517071000000000;20210612_1623517028;DEMO_MODE;A;5865;25,0;13,98;Teststand, manuelle Einstellungen;27,85;14,45;2,85;0,47
1623517071000000000;20210612_1623517028;DEMO_MODE;A;5865;25,0;13,98;Teststand, manuelle Einstellungen;30,25;14,81;5,25;0,83
1623517072000000000;20210612_1623517028;DEMO_MODE;A;5865;25,0;13,98;Teststand, manuelle Einstellungen;27,64;14,42;2,64;0,44
1623517072000000000;20210612_1623517028;DEMO_MODE;A;5865;25,0;13,98;Teststand, manuelle Einstellungen;23,45;13,7;-1,55;-0,28
1623517072000000000;20210612_1623517028;DEMO_MODE;A;5865;25,0;13,98;Teststand, manuelle Einstellungen;28,07;14,48;3,07;0,5
1623517073000000000;20210612_1623517028;DEMO_MODE;A;5865;25,0;13,98;Teststand, manuelle Einstellungen;30,77;14,88;5,77;0,9
1623517073000000000;20210612_1623517028;DEMO_MODE;A;5865;25,0;13,98;Teststand, manuelle Einstellungen;31,08;14,93;6,08;0,95
1623517073000000000;20210612_1623517028;DEMO_MODE;A;5865;25,0;13,98;Teststand, manuelle Einstellungen;24,9;13,96;-0,1;-0,02
1623517073000000000;20210612_1623517028;DEMO_MODE;A;5865;25,0;13,98;Teststand, manuelle Einstellungen;31,38;14,97;6,38;0,99
1623517074000000000;20210612_1623517028;DEMO_MODE;A;5865;25,0;13,98;Teststand, manuelle Einstellungen;20,1;13,03;-4,9;-0,95
1623517074000000000;20210612_1623517028;DEMO_MODE;A;5865;25,0;13,98;Teststand, manuelle Einstellungen;22,86;13,59;-2,14;-0,39
1623517074000000000;20210612_1623517028;DEMO_MODE;A;5865;25,0;13,98;Teststand, manuelle Einstellungen;26,72;14,27;1,72;0,29
1623517074000000000;20210612_1623517028;DEMO_MODE;A;5865;25,0;13,98;Teststand, manuelle Einstellungen;30,88;14,9;5,88;0,92
1623517075000000000;20210612_1623517028;DEMO_MODE;A;5865;25,0;13,98;Teststand, manuelle Einstellungen;21,36;13,3;-3,64;-0,68
1623517075000000000;20210612_1623517028;DEMO_MODE;A;5865;25,0;13,98;Teststand, manuelle Einstellungen;20,55;13,13;-4,45;-0,85
1623517075000000000;20210612_1623517028;DEMO_MODE;A;5865;25,0;13,98;Teststand, manuelle Einstellungen;27,56;14,4;2,56;0,42
1623517075000000000;20210612_1623517028;DEMO_MODE;A;5865;25,0;13,98;Teststand, manuelle Einstellungen;27,23;14,35;2,23;0,37
1623517076000000000;20210612_1623517028;DEMO_MODE;A;5865;25,0;13,98;Teststand, manuelle Einstellungen;25,04;13,99;0,04;0,01
1623517076000000000;20210612_1623517028;DEMO_MODE;A;5865;25,0;13,98;Teststand, manuelle Einstellungen;20,54;13,12;-4,46;-0,85
1623517076000000000;20210612_1623517028;DEMO_MODE;A;5865;25,0;13,98;Teststand, manuelle Einstellungen;22,44;13,51;-2,56;-0,47
1623517076000000000;20210612_1623517028;DEMO_MODE;A;5865;25,0;13,98;Teststand, manuelle Einstellungen;23,02;13,62;-1,98;-0,36
1623517077000000000;20210612_1623517028;DEMO_MODE;A;5865;25,0;13,98;Teststand, manuelle Einstellungen;26,06;14,16;1,06;0,18
1623517077000000000;20210612_1623517028;DEMO_MODE;A;5865;25,0;13,98;Teststand, manuelle Einstellungen;29,88;14,75;4,88;0,78
1623517077000000000;20210612_1623517028;DEMO_MODE;A;5865;25,0;13,98;Teststand, manuelle Einstellungen;23,55;13,72;-1,45;-0,26
1623517077000000000;20210612_1623517028;DEMO_MODE;A;5865;25,0;13,98;Teststand, manuelle Einstellungen;24,68;13,92;-0,32;-0,05
1623517078000000000;20210612_1623517028;DEMO_MODE;A;5865;25,0;13,98;Teststand, manuelle Einstellungen;23,83;13,77;-1,17;-0,21
1623517078000000000;20210612_1623517028;DEMO_MODE;A;5865;25,0;13,98;Teststand, manuelle Einstellungen;24,08;13,82;-0,92;-0,16
1623517078000000000;20210612_1623517028;DEMO_MODE;A;5865;25,0;13,98;Teststand, manuelle Einstellungen;27,35;14,37;2,35;0,39
1623517078000000000;20210612_1623517028;DEMO_MODE;A;5865;25,0;13,98;Teststand, manuelle Einstellungen;21,49;13,32;-3,51;-0,66
1623517079000000000;20210612_1623517028;DEMO_MODE;A;5865;25,0;13,98;Teststand, manuelle Einstellungen;20,84;13,19;-4,16;-0,79
1623517079000000000;20210612_1623517028;DEMO_MODE;A;5865;25,0;13,98;Teststand, manuelle Einstellungen;20,79;13,18;-4,21;-0,8
1623517079000000000;20210612_1623517028;DEMO_MODE;A;5865;25,0;13,98;Teststand, manuelle Einstellungen;29,27;14,66;4,27;0,69
1623517079000000000;20210612_1623517028;DEMO_MODE;A;5865;25,0;13,98;Teststand, manuelle Einstellungen;31,48;14,98;6,48;1,0
1623517080000000000;20210612_1623517028;DEMO_MODE;A;5865;25,0;13,98;Teststand, manuelle Einstellungen;22,56;13,53;-2,44;-0,45
1623517080000000000;20210612_1623517028;DEMO_MODE;A;5865;25,0;13,98;Teststand, manuelle Einstellungen;27,61;14,41;2,61;0,43
1623517080000000000;20210612_1623517028;DEMO_MODE;A;5865;25,0;13,98;Teststand, manuelle Einstellungen;24,82;13,95;-0,18;-0,03
1623517080000000000;20210612_1623517028;DEMO_MODE;A;5865;25,0;13,98;Teststand, manuelle Einstellungen;26,12;14,17;1,12;0,19
1623517081000000000;20210612_1623517028;DEMO_MODE;A;5865;25,0;13,98;Teststand, manuelle Einstellungen;25,4;14,05;0,4;0,07
1623517081000000000;20210612_1623517028;DEMO_MODE;A;5865;25,0;13,98;Teststand, manuelle Einstellungen;25,15;14,01;0,15;0,03
1623517081000000000;20210612_1623517028;DEMO_MODE;A;5865;25,0;13,98;Teststand, manuelle Einstellungen;29,79;14,74;4,79;0,76
1623517081000000000;20210612_1623517028;DEMO_MODE;A;5865;25,0;13,98;Teststand, manuelle Einstellungen;22,01;13,43;-2,99;-0,55
1623517082000000000;20210612_1623517028;DEMO_MODE;A;5865;25,0;13,98;Teststand, manuelle Einstellungen;31,21;14,94;6,21;0,96
1623517082000000000;20210612_1623517028;DEMO_MODE;A;5865;25,0;13,98;Teststand, manuelle Einstellungen;23,11;13,64;-1,89;-0,34
1623517031000000000;20210612_1623517028;DEMO_MODE;A;5865;25,0;13,98;Teststand, manuelle Einstellungen;29,34;14,68;4,34;0,7
1623517032000000000;20210612_1623517028;DEMO_MODE;A;5865;25,0;13,98;Teststand, manuelle Einstellungen;21,06;13,23;-3,94;-0,74
1623517032000000000;20210612_1623517028;DEMO_MODE;A;5865;25,0;13,98;Teststand, manuelle Einstellungen;20,41;13,1;-4,59;-0,88
1623517032000000000;20210612_1623517028;DEMO_MODE;A;5865;25,0;13,98;Teststand, manuelle Einstellungen;23,99;13,8;-1,01;-0,18
1623517032000000000;20210612_1623517028;DEMO_MODE;A;5865;25,0;13,98;Teststand, manuelle Einstellungen;22,93;13,6;-2,07;-0,38
1623517033000000000;20210612_1623517028;DEMO_MODE;A;5865;25,0;13,98;Teststand, manuelle Einstellungen;23,84;13,77;-1,16;-0,21
1623517033000000000;20210612_1623517028;DEMO_MODE;A;5865;25,0;13,98;Teststand, manuelle Einstellungen;22,28;13,48;-2,72;-0,5
1623517033000000000;20210612_1623517028;DEMO_MODE;A;5865;25,0;13,98;Teststand, manuelle Einstellungen;29,33;14,67;4,33;0,69
1623517033000000000;20210612_1623517028;DEMO_MODE;A;5865;25,0;13,98;Teststand, manuelle Einstellungen;28,11;14,49;3,11;0,51
1623517034000000000;20210612_1623517028;DEMO_MODE;A;5865;25,0;13,98;Teststand, manuelle Einstellungen;30,84;14,89;5,84;0,91
1623517034000000000;20210612_1623517028;DEMO_MODE;A;5865;25,0;13,98;Teststand, manuelle Einstellungen;20,88;13,2;-4,12;-0,78
1623517034000000000;20210612_1623517028;DEMO_MODE;A;5865;25,0;13,98;Teststand, manuelle Einstellungen;29,18;14,65;4,18;0,67
1623517035000000000;20210612_1623517028;DEMO_MODE;A;5865;25,0;13,98;Teststand, manuelle Einstellungen;26,32;14,2;1,32;0,22
1623517035000000000;20210612_1623517028;DEMO_MODE;A;5865;25,0;13,98;Teststand, manuelle Einstellungen;23,46;13,7;-1,54;-0,28
1623517035000000000;20210612_1623517028;DEMO_MODE;A;5865;25,0;13,98;Teststand, manuelle Einstellungen;22,75;13,57;-2,25;-0,41
1623517035000000000;20210612_1623517028;DEMO_MODE;A;5865;25,0;13,98;Teststand, manuelle Einstellungen;21,54;13,33;-3,46;-0,65
1623517036000000000;20210612_1623517028;DEMO_MODE;A;5865;25,0;13,98;Teststand, manuelle Einstellungen;24,99;13,98;-0,01;-0,0
1623517036000000000;20210612_1623517028;DEMO_MODE;A;5865;25,0;13,98;Teststand, manuelle Einstellungen;24,52;13,9;-0,48;-0,08
1623517036000000000;20210612_1623517028;DEMO_MODE;A;5865;25,0;13,98;Teststand, manuelle Einstellungen;30,94;14,9;5,94;0,93
1623517036000000000;20210612_1623517028;DEMO_MODE;A;5865;25,0;13,98;Teststand, manuelle Einstellungen;26,37;14,21;1,37;0,23
1623517037000000000;20210612_1623517028;DEMO_MODE;A;5865;25,0;13,98;Teststand, manuelle Einstellungen;22,01;13,43;-2,99;-0,55
1623517037000000000;20210612_1623517028;DEMO_MODE;A;5865;25,0;13,98;Teststand, manuelle Einstellungen;26,5;14,23;1,5;0,25
1623517037000000000;20210612_1623517028;DEMO_MODE;A;5865;25,0;13,98;Teststand, manuelle Einstellungen;26,0;14,15;1,0;0,17
1623517037000000000;20210612_1623517028;DEMO_MODE;A;5865;25,0;13,98;Teststand, manuelle Einstellungen;28,64;14,57;3,64;0,59
1623517038000000000;20210612_1623517028;DEMO_MODE;A;5865;25,0;13,98;Teststand, manuelle Einstellungen;22,32;13,49;-2,68;-0,49
1623517038000000000;20210612_1623517028;DEMO_MODE;A;5865;25,0;13,98;Teststand, manuelle Einstellungen;27,43;14,38;2,43;0,4
1623517038000000000;20210612_1623517028;DEMO_MODE;A;5865;25,0;13,98;Teststand, manuelle Einstellungen;30,5;14,84;5,5;0,86
1623517038000000000;20210612_1623517028;DEMO_MODE;A;5865;25,0;13,98;Teststand, manuelle Einstellungen;21,83;13,39;-3,17;-0,59
1623517039000000000;20210612_1623517028;DEMO_MODE;A;5865;25,0;13,98;Teststand, manuelle Einstellungen;26,33;14,21;1,33;0,23
1623517039000000000;20210612_1623517028;DEMO_MODE;A;5865;25,0;13,98;Teststand, manuelle Einstellungen;26,87;14,29;1,87;0,31
1623517039000000000;20210612_1623517028;DEMO_MODE;A;5865;25,0;13,98;Teststand, manuelle Einstellungen;22,33;13,49;-2,67;-0,49
1623517039000000000;20210612_1623517028;DEMO_MODE;A;5865;25,0;13,98;Teststand, manuelle Einstellungen;20,84;13,19;-4,16;-0,79
1623517040000000000;20210612_1623517028;DEMO_MODE;A;5865;25,0;13,98;Teststand, manuelle Einstellungen;26,81;14,28;1,81;0,3
1623517040000000000;20210612_1623517028;DEMO_MODE;A;5865;25,0;13,98;Teststand, manuelle Einstellungen;27,25;14,35;2,25;0,38
1623517040000000000;20210612_1623517028;DEMO_MODE;A;5865;25,0;13,98;Teststand, manuelle Einstellungen;22,86;13,59;-2,14;-0,39
1623517040000000000;20210612_1623517028;DEMO_MODE;A;5865;25,0;13,98;Teststand, manuelle Einstellungen;26,85;14,29;1,85;0,31
1623517041000000000;20210612_1623517028;DEMO_MODE;A;5865;25,0;13,98;Teststand, manuelle Einstellungen;21,55;13,33;-3,45;-0,64
1623517041000000000;20210612_1623517028;DEMO_MODE;A;5865;25,0;13,98;Teststand, manuelle Einstellungen;24,06;13,81;-0,94;-0,17
1623517041000000000;20210612_1623517028;DEMO_MODE;A;5865;25,0;13,98;Teststand, manuelle Einstellungen;29,84;14,75;4,84;0,77
1623517041000000000;20210612_1623517028;DEMO_MODE;A;5865;25,0;13,98;Teststand, manuelle Einstellungen;22,8;13,58;-2,2;-0,4
1623517042000000000;20210612_1623517028;DEMO_MODE;A;5865;25,0;13,98;Teststand, manuelle Einstellungen;24,48;13,89;-0,52;-0,09
1623517042000000000;20210612_1623517028;DEMO_MODE;A;5865;25,0;13,98;Teststand, manuelle Einstellungen;20,09;13,03;-4,91;-0,95
1623517042000000000;20210612_1623517028;DEMO_MODE;A;5865;25,0;13,98;Teststand, manuelle Einstellungen;22,93;13,61;-2,07;-0,37
1623517042000000000;20210612_1623517028;DEMO_MODE;A;5865;25,0;13,98;Teststand, manuelle Einstellungen;23,15;13,64;-1,85;-0,33
1623517043000000000;20210612_1623517028;DEMO_MODE;A;5865;25,0;13,98;Teststand, manuelle Einstellungen;28,84;14,6;3,84;0,62
1623517043000000000;20210612_1623517028;DEMO_MODE;A;5865;25,0;13,98;Teststand, manuelle Einstellungen;25,11;14,0;0,11;0,02
1623517043000000000;20210612_1623517028;DEMO_MODE;A;5865;25,0;13,98;Teststand, manuelle Einstellungen;30,37;14,82;5,37;0,85
1623517043000000000;20210612_1623517028;DEMO_MODE;A;5865;25,0;13,98;Teststand, manuelle Einstellungen;21,11;13,24;-3,89;-0,73
1623517044000000000;20210612_1623517028;DEMO_MODE;A;5865;25,0;13,98;Teststand, manuelle Einstellungen;24,18;13,83;-0,82;-0,14
1623517044000000000;20210612_1623517028;DEMO_MODE;A;5865;25,0;13,98;Teststand, manuelle Einstellungen;20,01;13,01;-4,99;-0,97
1623517044000000000;20210612_1623517028;DEMO_MODE;A;5865;25,0;13,98;Teststand, manuelle Einstellungen;24,82;13,95;-0,18;-0,03
1623517044000000000;20210612_1623517028;DEMO_MODE;A;5865;25,0;13,98;Teststand, manuelle Einstellungen;25,92;14,14;0,92;0,16
1623517045000000000;20210612_1623517028;DEMO_MODE;A;5865;25,0;13,98;Teststand, manuelle Einstellungen;25,1;14,0;0,1;0,02
1623517045000000000;20210612_1623517028;DEMO_MODE;A;5865;25,0;13,98;Teststand, manuelle Einstellungen;29,69;14,73;4,69;0,75
1623517045000000000;20210612_1623517028;DEMO_MODE;A;5865;25,0;13,98;Teststand, manuelle Einstellungen;21,5;13,32;-3,5;-0,65
1623517045000000000;20210612_1623517028;DEMO_MODE;A;5865;25,0;13,98;Teststand, manuelle Einstellungen;25,29;14,03;0,29;0,05
1623517046000000000;20210612_1623517028;DEMO_MODE;A;5865;25,0;13,98;Teststand, manuelle Einstellungen;22,41;13,51;-2,59;-0,47
1623517046000000000;20210612_1623517028;DEMO_MODE;A;5865;25,0;13,98;Teststand, manuelle Einstellungen;25,38;14,04;0,38;0,07
1623517046000000000;20210612_1623517028;DEMO_MODE;A;5865;25,0;13,98;Teststand, manuelle Einstellungen;25,55;14,07;0,55;0,09
1623517046000000000;20210612_1623517028;DEMO_MODE;A;5865;25,0;13,98;Teststand, manuelle Einstellungen;20,75;13,17;-4,25;-0,81
1623517047000000000;20210612_1623517028;DEMO_MODE;A;5865;25,0;13,98;Teststand, manuelle Einstellungen;29,27;14,66;4,27;0,69
1623517047000000000;20210612_1623517028;DEMO_MODE;A;5865;25,0;13,98;Teststand, manuelle Einstellungen;22,35;13,49;-2,65;-0,49
1623517047000000000;20210612_1623517028;DEMO_MODE;A;5865;25,0;13,98;Teststand, manuelle Einstellungen;25,04;13,99;0,04;0,01
1623517047000000000;20210612_1623517028;DEMO_MODE;A;5865;25,0;13,98;Teststand, manuelle Einstellungen;23,45;13,7;-1,55;-0,28
1623517048000000000;20210612_1623517028;DEMO_MODE;A;5865;25,0;13,98;Teststand, manuelle Einstellungen;25,28;14,03;0,28;0,05
1623517048000000000;20210612_1623517028;DEMO_MODE;A;5865;25,0;13,98;Teststand, manuelle Einstellungen;20,8;13,18;-4,2;-0,8
1623517048000000000;20210612_1623517028;DEMO_MODE;A;5865;25,0;13,98;Teststand, manuelle Einstellungen;28,85;14,6;3,85;0,62
1623517048000000000;20210612_1623517028;DEMO_MODE;A;5865;25,0;13,98;Teststand, manuelle Einstellungen;29,24;14,66;4,24;0,68
1623517049000000000;20210612_1623517028;DEMO_MODE;A;5865;25,0;13,98;Teststand, manuelle Einstellungen;24,36;13,87;-0,64;-0,11
1623517049000000000;20210612_1623517028;DEMO_MODE;A;5865;25,0;13,98;Teststand, manuelle Einstellungen;29,71;14,73;4,71;0,75
1623517049000000000;20210612_1623517028;DEMO_MODE;A;5865;25,0;13,98;Teststand, manuelle Einstellungen;20,44;13,11;-4,56;-0,87
1623517049000000000;20210612_1623517028;DEMO_MODE;A;5865;25,0;13,98;Teststand, manuelle Einstellungen;20,72;13,16;-4,28;-0,82
1623517050000000000;20210612_1623517028;DEMO_MODE;A;5865;25,0;13,98;Teststand, manuelle Einstellungen;23,46;13,7;-1,54;-0,28
1623517050000000000;20210612_1623517028;DEMO_MODE;A;5865;25,0;13,98;Teststand, manuelle Einstellungen;30,94;14,9;5,94;0,93
1623517050000000000;20210612_1623517028;DEMO_MODE;A;5865;25,0;13,98;Teststand, manuelle Einstellungen;22,18;13,46;-2,82;-0,52
1623517050000000000;20210612_1623517028;DEMO_MODE;A;5865;25,0;13,98;Teststand, manuelle Einstellungen;26,98;14,31;1,98;0,33
1623517051000000000;20210612_1623517028;DEMO_MODE;A;5865;25,0;13,98;Teststand, manuelle Einstellungen;30,78;14,88;5,78;0,9
1623517051000000000;20210612_1623517028;DEMO_MODE;A;5865;25,0;13,98;Teststand, manuelle Einstellungen;27,11;14,33;2,11;0,35
1623517051000000000;20210612_1623517028;DEMO_MODE;A;5865;25,0;13,98;Teststand, manuelle Einstellungen;20,69;13,16;-4,31;-0,82
1623517051000000000;20210612_1623517028;DEMO_MODE;A;5865;25,0;13,98;Teststand, manuelle Einstellungen;26,84;14,29;1,84;0,31
1623517052000000000;20210612_1623517028;DEMO_MODE;A;5865;25,0;13,98;Teststand, manuelle Einstellungen;26,3;14,2;1,3;0,22
1623517052000000000;20210612_1623517028;DEMO_MODE;A;5865;25,0;13,98;Teststand, manuelle Einstellungen;23,79;13,76;-1,21;-0,22
1623517052000000000;20210612_1623517028;DEMO_MODE;A;5865;25,0;13,98;Teststand, manuelle Einstellungen;21,42;13,31;-3,58;-0,67
1623517052000000000;20210612_1623517028;DEMO_MODE;A;5865;25,0;13,98;Teststand, manuelle Einstellungen;21,6;13,35;-3,4;-0,63
1623517053000000000;20210612_1623517028;DEMO_MODE;A;5865;25,0;13,98;Teststand, manuelle Einstellungen;26,5;14,23;1,5;0,25
1623517053000000000;20210612_1623517028;DEMO_MODE;A;5865;25,0;13,98;Teststand, manuelle Einstellungen;30,75;14,88;5,75;0,9
1623517053000000000;20210612_1623517028;DEMO_MODE;A;5865;25,0;13,98;Teststand, manuelle Einstellungen;21,99;13,42;-3,01;-0,56
1623517053000000000;20210612_1623517028;DEMO_MODE;A;5865;25,0;13,98;Teststand, manuelle Einstellungen;30,0;14,77;5,0;0,79
1623517054000000000;20210612_1623517028;DEMO_MODE;A;5865;25,0;13,98;Teststand, manuelle Einstellungen;26,96;14,31;1,96;0,33
1623517054000000000;20210612_1623517028;DEMO_MODE;A;5865;25,0;13,98;Teststand, manuelle Einstellungen;30,33;14,82;5,33;0,84
1623517054000000000;20210612_1623517028;DEMO_MODE;A;5865;25,0;13,98;Teststand, manuelle Einstellungen;23,26;13,67;-1,74;-0,31
1623517055000000000;20210612_1623517028;DEMO_MODE;A;5865;25,0;13,98;Teststand, manuelle Einstellungen;27,33;14,37;2,33;0,39
1623517055000000000;20210612_1623517028;DEMO_MODE;A;5865;25,0;13,98;Teststand, manuelle Einstellungen;25,47;14,06;0,47;0,08
1623517055000000000;20210612_1623517028;DEMO_MODE;A;5865;25,0;13,98;Teststand, manuelle Einstellungen;29,84;14,75;4,84;0,77
1623517055000000000;20210612_1623517028;DEMO_MODE;A;5865;25,0;13,98;Teststand, manuelle Einstellungen;29,25;14,66;4,25;0,68
1623517056000000000;20210612_1623517028;DEMO_MODE;A;5865;25,0;13,98;Teststand, manuelle Einstellungen;20,21;13,05;-4,79;-0,92
1623517056000000000;20210612_1623517028;DEMO_MODE;A;5865;25,0;13,98;Teststand, manuelle Einstellungen;23,76;13,76;-1,24;-0,22
1623517056000000000;20210612_1623517028;DEMO_MODE;A;5865;25,0;13,98;Teststand, manuelle Einstellungen;20,59;13,14;-4,41;-0,84
1623517056000000000;20210612_1623517028;DEMO_MODE;A;5865;25,0;13,98;Teststand, manuelle Einstellungen;27,25;14,35;2,25;0,38
1623517057000000000;20210612_1623517028;DEMO_MODE;A;5865;25,0;13,98;Teststand, manuelle Einstellungen;20,39;13,09;-4,61;-0,88
1623517057000000000;20210612_1623517028;DEMO_MODE;A;5865;25,0;13,98;Teststand, manuelle Einstellungen;28,13;14,49;3,13;0,51
1623517057000000000;20210612_1623517028;DEMO_MODE;A;5865;25,0;13,98;Teststand, manuelle Einstellungen;25,67;14,09;0,67;0,12
1623517057000000000;20210612_1623517028;DEMO_MODE;A;5865;25,0;13,98;Teststand, manuelle Einstellungen;19,96;13,0;-5,04;-0,98
1623517058000000000;20210612_1623517028;DEMO_MODE;A;5865;25,0;13,98;Teststand, manuelle Einstellungen;31,3;14,96;6,3;0,98
1623517058000000000;20210612_1623517028;DEMO_MODE;A;5865;25,0;13,98;Teststand, manuelle Einstellungen;28,07;14,48;3,07;0,5
1623517058000000000;20210612_1623517028;DEMO_MODE;A;5865;25,0;13,98;Teststand, manuelle Einstellungen;27,12;14,33;2,12;0,35
1623517058000000000;20210612_1623517028;DEMO_MODE;A;5865;25,0;13,98;Teststand, manuelle Einstellungen;20,11;13,03;-4,89;-0,94
1623517059000000000;20210612_1623517028;DEMO_MODE;A;5865;25,0;13,98;Teststand, manuelle Einstellungen;31,18;14,94;6,18;0,96
1623517059000000000;20210612_1623517028;DEMO_MODE;A;5865;25,0;13,98;Teststand, manuelle Einstellungen;22,4;13,5;-2,6;-0,48
1623517059000000000;20210612_1623517028;DEMO_MODE;A;5865;25,0;13,98;Teststand, manuelle Einstellungen;21,84;13,39;-3,16;-0,59
1623517059000000000;20210612_1623517028;DEMO_MODE;A;5865;25,0;13,98;Teststand, manuelle Einstellungen;25,45;14,06;0,45;0,08
1623517060000000000;20210612_1623517028;DEMO_MODE;A;5865;25,0;13,98;Teststand, manuelle Einstellungen;23,33;13,68;-1,67;-0,3
1623517060000000000;20210612_1623517028;DEMO_MODE;A;5865;25,0;13,98;Teststand, manuelle Einstellungen;30,96;14,91;5,96;0,93
1623517060000000000;20210612_1623517028;DEMO_MODE;A;5865;25,0;13,98;Teststand, manuelle Einstellungen;25,43;14,05;0,43;0,07
1623517060000000000;20210612_1623517028;DEMO_MODE;A;5865;25,0;13,98;Teststand, manuelle Einstellungen;20,02;13,01;-4,98;-0,96
1623517061000000000;20210612_1623517028;DEMO_MODE;A;5865;25,0;13,98;Teststand, manuelle Einstellungen;25,26;14,03;0,26;0,05
1623517061000000000;20210612_1623517028;DEMO_MODE;A;5865;25,0;13,98;Teststand, manuelle Einstellungen;30,37;14,82;5,37;0,85
1623517061000000000;20210612_1623517028;DEMO_MODE;A;5865;25,0;13,98;Teststand, manuelle Einstellungen;28,29;14,52;3,29;0,54
1623517061000000000;20210612_1623517028;DEMO_MODE;A;5865;25,0;13,98;Teststand, manuelle Einstellungen;29,75;14,73;4,75;0,76
1623517062000000000;20210612_1623517028;DEMO_MODE;A;5865;25,0;13,98;Teststand, manuelle Einstellungen;21,42;13,31;-3,58;-0,67
1623517062000000000;20210612_1623517028;DEMO_MODE;A;5865;25,0;13,98;Teststand, manuelle Einstellungen;22,88;13,59;-2,12;-0,38
1623517062000000000;20210612_1623517028;DEMO_MODE;A;5865;25,0;13,98;Teststand, manuelle Einstellungen;24,08;13,82;-0,92;-0,16
1623517062000000000;20210612_1623517028;DEMO_MODE;A;5865;25,0;13,98;Teststand, manuelle Einstellungen;27,8;14,44;2,8;0,46
1623517063000000000;20210612_1623517028;DEMO_MODE;A;5865;25,0;13,98;Teststand, manuelle Einstellungen;22,58;13,54;-2,42;-0,44
1623517063000000000;20210612_1623517028;DEMO_MODE;A;5865;25,0;13,98;Teststand, manuelle Einstellungen;22,38;13,5;-2,62;-0,48
1623517063000000000;20210612_1623517028;DEMO_MODE;A;5865;25,0;13,98;Teststand, manuelle Einstellungen;30,58;14,85;5,58;0,88
1623517063000000000;20210612_1623517028;DEMO_MODE;A;5865;25,0;13,98;Teststand, manuelle Einstellungen;22,07;13,44;-2,93;-0,54
1623517064000000000;20210612_1623517028;DEMO_MODE;A;5865;25,0;13,98;Teststand, manuelle Einstellungen;24,32;13,86;-0,68;-0,12
1623517064000000000;20210612_1623517028;DEMO_MODE;A;5865;25,0;13,98;Teststand, manuelle Einstellungen;29,27;14,66;4,27;0,69
1623517064000000000;20210612_1623517028;DEMO_MODE;A;5865;25,0;13,98;Teststand, manuelle Einstellungen;22,97;13,61;-2,03;-0,37
1623517064000000000;20210612_1623517028;DEMO_MODE;A;5865;25,0;13,98;Teststand, manuelle Einstellungen;28,68;14,57;3,68;0,6
1623517065000000000;20210612_1623517028;DEMO_MODE;A;5865;25,0;13,98;Teststand, manuelle Einstellungen;22,4;13,5;-2,6;-0,48
1623517065000000000;20210612_1623517028;DEMO_MODE;A;5865;25,0;13,98;Teststand, manuelle Einstellungen;25,09;13,99;0,09;0,02
1623517065000000000;20210612_1623517028;DEMO_MODE;A;5865;25,0;13,98;Teststand, manuelle Einstellungen;21,49;13,32;-3,51;-0,66
1623517065000000000;20210612_1623517028;DEMO_MODE;A;5865;25,0;13,98;Teststand, manuelle Einstellungen;27,22;14,35;2,22;0,37
1623517066000000000;20210612_1623517028;DEMO_MODE;A;5865;25,0;13,98;Teststand, manuelle Einstellungen;22,68;13,56;-2,32;-0,42
1623517066000000000;20210612_1623517028;DEMO_MODE;A;5865;25,0;13,98;Teststand, manuelle Einstellungen;25,93;14,14;0,93;0,16
1623517066000000000;20210612_1623517028;DEMO_MODE;A;5865;25,0;13,98;Teststand, manuelle Einstellungen;24,47;13,89;-0,53;-0,09
1623517066000000000;20210612_1623517028;DEMO_MODE;A;5865;25,0;13,98;Teststand, manuelle Einstellungen;30,4;14,83;5,4;0,85
1623517067000000000;20210612_1623517028;DEMO_MODE;A;5865;25,0;13,98;Teststand, manuelle Einstellungen;22,73;13,57;-2,27;-0,41
1623517067000000000;20210612_1623517028;DEMO_MODE;A;5865;25,0;13,98;Teststand, manuelle Einstellungen;27,68;14,42;2,68;0,44
1623517067000000000;20210612_1623517028;DEMO_MODE;A;5865;25,0;13,98;Teststand, manuelle Einstellungen;23,98;13,8;-1,02;-0,18
1623517067000000000;20210612_1623517028;DEMO_MODE;A;5865;25,0;13,98;Teststand, manuelle Einstellungen;21,99;13,42;-3,01;-0,56
1623517068000000000;20210612_1623517028;DEMO_MODE;A;5865;25,0;13,98;Teststand, manuelle Einstellungen;22,8;13,58;-2,2;-0,4
1623517068000000000;20210612_1623517028;DEMO_MODE;A;5865;25,0;13,98;Teststand, manuelle Einstellungen;24,55;13,9;-0,45;-0,08
1623517068000000000;20210612_1623517028;DEMO_MODE;A;5865;25,0;13,98;Teststand, manuelle Einstellungen;23,17;13,65;-1,83;-0,33
1623517068000000000;20210612_1623517028;DEMO_MODE;A;5865;25,0;13,98;Teststand, manuelle Einstellungen;30,3;14,81;5,3;0,84
1623517069000000000;20210612_1623517028;DEMO_MODE;A;5865;25,0;13,98;Teststand, manuelle Einstellungen;22,7;13,56;-2,3;-0,42
1623517069000000000;20210612_1623517028;DEMO_MODE;A;5865;25,0;13,98;Teststand, manuelle Einstellungen;24,6;13,91;-0,4;-0,07
1623517069000000000;20210612_1623517028;DEMO_MODE;A;5865;25,0;13,98;Teststand, manuelle Einstellungen;29,88;14,75;4,88;0,78
1623517069000000000;20210612_1623517028;DEMO_MODE;A;5865;25,0;13,98;Teststand, manuelle Einstellungen;28,2;14,5;3,2;0,52
1623517070000000000;20210612_1623517028;DEMO_MODE;A;5865;25,0;13,98;Teststand, manuelle Einstellungen;22,99;13,62;-2,01;-0,36
1623517070000000000;20210612_1623517028;DEMO_MODE;A;5865;25,0;13,98;Teststand, manuelle Einstellungen;23,38;13,69;-1,62;-0,29
1623517070000000000;20210612_1623517028;DEMO_MODE;A;5865;25,0;13,98;Teststand, manuelle Einstellungen;21,36;13,3;-3,64;-0,68
1623517070000000000;20210612_1623517028;DEMO_MODE;A;5865;25,0;13,98;Teststand, manuelle Einstellungen;28,6;14,56;3,6;0,58
1623517071000000000;20210612_1623517028;DEMO_MODE;A;5865;25,0;13,98;Teststand, manuelle Einstellungen;25,39;14,05;0,39;0,07
1623517071000000000;20210612_1623517028;DEMO_MODE;A;5865;25,0;13,98;Teststand, manuelle Einstellungen;26,75;14,27;1,75;0,29
1623517071000000000;20210612_1623517028;DEMO_MODE;A;5865;25,0;13,98;Teststand, manuelle Einstellungen;27,85;14,45;2,85;0,47
1623517071000000000;20210612_1623517028;DEMO_MODE;A;5865;25,0;13,98;Teststand, manuelle Einstellungen;30,25;14,81;5,25;0,83
1623517072000000000;20210612_1623517028;DEMO_MODE;A;5865;25,0;13,98;Teststand, manuelle Einstellungen;27,64;14,42;2,64;0,44
1623517072000000000;20210612_1623517028;DEMO_MODE;A;5865;25,0;13,98;Teststand, manuelle Einstellungen;23,45;13,7;-1,55;-0,28
1623517072000000000;20210612_1623517028;DEMO_MODE;A;5865;25,0;13,98;Teststand, manuelle Einstellungen;28,07;14,48;3,07;0,5
1623517073000000000;20210612_1623517028;DEMO_MODE;A;5865;25,0;13,98;Teststand, manuelle Einstellungen;30,77;14,88;5,77;0,9
1623517073000000000;20210612_1623517028;DEMO_MODE;A;5865;25,0;13,98;Teststand, manuelle Einstellungen;31,08;14,93;6,08;0,95
1623517073000000000;20210612_1623517028;DEMO_MODE;A;5865;25,0;13,98;Teststand, manuelle Einstellungen;24,9;13,96;-0,1;-0,02
1623517073000000000;20210612_1623517028;DEMO_MODE;A;5865;25,0;13,98;Teststand, manuelle Einstellungen;31,38;14,97;6,38;0,99
1623517074000000000;20210612_1623517028;DEMO_MODE;A;5865;25,0;13,98;Teststand, manuelle Einstellungen;20,1;13,03;-4,9;-0,95
1623517074000000000;20210612_1623517028;DEMO_MODE;A;5865;25,0;13,98;Teststand, manuelle Einstellungen;22,86;13,59;-2,14;-0,39
1623517074000000000;20210612_1623517028;DEMO_MODE;A;5865;25,0;13,98;Teststand, manuelle Einstellungen;26,72;14,27;1,72;0,29
1623517074000000000;20210612_1623517028;DEMO_MODE;A;5865;25,0;13,98;Teststand, manuelle Einstellungen;30,88;14,9;5,88;0,92
1623517075000000000;20210612_1623517028;DEMO_MODE;A;5865;25,0;13,98;Teststand, manuelle Einstellungen;21,36;13,3;-3,64;-0,68
1623517075000000000;20210612_1623517028;DEMO_MODE;A;5865;25,0;13,98;Teststand, manuelle Einstellungen;20,55;13,13;-4,45;-0,85
1623517075000000000;20210612_1623517028;DEMO_MODE;A;5865;25,0;13,98;Teststand, manuelle Einstellungen;27,56;14,4;2,56;0,42
1623517075000000000;20210612_1623517028;DEMO_MODE;A;5865;25,0;13,98;Teststand, manuelle Einstellungen;27,23;14,35;2,23;0,37
1623517076000000000;20210612_1623517028;DEMO_MODE;A;5865;25,0;13,98;Teststand, manuelle Einstellungen;25,04;13,99;0,04;0,01
1623517076000000000;20210612_1623517028;DEMO_MODE;A;5865;25,0;13,98;Teststand, manuelle Einstellungen;20,54;13,12;-4,46;-0,85
1623517076000000000;20210612_1623517028;DEMO_MODE;A;5865;25,0;13,98;Teststand, manuelle Einstellungen;22,44;13,51;-2,56;-0,47
1623517076000000000;20210612_1623517028;DEMO_MODE;A;5865;25,0;13,98;Teststand, manuelle Einstellungen;23,02;13,62;-1,98;-0,36
1623517077000000000;20210612_1623517028;DEMO_MODE;A;5865;25,0;13,98;Teststand, manuelle Einstellungen;26,06;14,16;1,06;0,18
1623517077000000000;20210612_1623517028;DEMO_MODE;A;5865;25,0;13,98;Teststand, manuelle Einstellungen;29,88;14,75;4,88;0,78
1623517077000000000;20210612_1623517028;DEMO_MODE;A;5865;25,0;13,98;Teststand, manuelle Einstellungen;23,55;13,72;-1,45;-0,26
1623517077000000000;20210612_1623517028;DEMO_MODE;A;5865;25,0;13,98;Teststand, manuelle Einstellungen;24,68;13,92;-0,32;-0,05
1623517078000000000;20210612_1623517028;DEMO_MODE;A;5865;25,0;13,98;Teststand, manuelle Einstellungen;23,83;13,77;-1,17;-0,21
1623517078000000000;20210612_1623517028;DEMO_MODE;A;5865;25,0;13,98;Teststand, manuelle Einstellungen;24,08;13,82;-0,92;-0,16
1623517078000000000;20210612_1623517028;DEMO_MODE;A;5865;25,0;13,98;Teststand, manuelle Einstellungen;27,35;14,37;2,35;0,39
1623517078000000000;20210612_1623517028;DEMO_MODE;A;5865;25,0;13,98;Teststand, manuelle Einstellungen;21,49;13,32;-3,51;-0,66
1623517079000000000;20210612_1623517028;DEMO_MODE;A;5865;25,0;13,98;Teststand, manuelle Einstellungen;20,84;13,19;-4,16;-0,79
1623517079000000000;20210612_1623517028;DEMO_MODE;A;5865;25,0;13,98;Teststand, manuelle Einstellungen;20,79;13,18;-4,21;-0,8
1623517079000000000;20210612_1623517028;DEMO_MODE;A;5865;25,0;13,98;Teststand, manuelle Einstellungen;29,27;14,66;4,27;0,69
1623517079000000000;20210612_1623517028;DEMO_MODE;A;5865;25,0;13,98;Teststand, manuelle Einstellungen;31,48;14,98;6,48;1,0
1623517080000000000;20210612_1623517028;DEMO_MODE;A;5865;25,0;13,98;Teststand, manuelle Einstellungen;22,56;13,53;-2,44;-0,45
1623517080000000000;20210612_1623517028;DEMO_MODE;A;5865;25,0;13,98;Teststand, manuelle Einstellungen;27,61;14,41;2,61;0,43
1623517080000000000;20210612_1623517028;DEMO_MODE;A;5865;25,0;13,98;Teststand, manuelle Einstellungen;24,82;13,95;-0,18;-0,03
1623517080000000000;20210612_1623517028;DEMO_MODE;A;5865;25,0;13,98;Teststand, manuelle Einstellungen;26,12;14,17;1,12;0,19
1623517081000000000;20210612_1623517028;DEMO_MODE;A;5865;25,0;13,98;Teststand, manuelle Einstellungen;25,4;14,05;0,4;0,07
1623517081000000000;20210612_1623517028;DEMO_MODE;A;5865;25,0;13,98;Teststand, manuelle Einstellungen;25,15;14,01;0,15;0,03
1623517081000000000;20210612_1623517028;DEMO_MODE;A;5865;25,0;13,98;Teststand, manuelle Einstellungen;29,79;14,74;4,79;0,76
1623517081000000000;20210612_1623517028;DEMO_MODE;A;5865;25,0;13,98;Teststand, manuelle Einstellungen;22,01;13,43;-2,99;-0,55
1623517082000000000;20210612_1623517028;DEMO_MODE;A;5865;25,0;13,98;Teststand, manuelle Einstellungen;31,21;14,94;6,21;0,96
1623517082000000000;20210612_1623517028;DEMO_MODE;A;5865;25,0;13,98;Teststand, manuelle Einstellungen;23,11;13,64;-1,89;-0,34
1623517086000000000;20210612_1623517028;DEMO_MODE;A;5845;25,0;13,98;Teststand, manuelle Einstellungen;23,73;13,75;-1,27;-0,23
1623517086000000000;20210612_1623517028;DEMO_MODE;A;5845;25,0;13,98;Teststand, manuelle Einstellungen;20,52;13,12;-4,48;-0,86
1623517086000000000;20210612_1623517028;DEMO_MODE;A;5845;25,0;13,98;Teststand, manuelle Einstellungen;24,61;13,91;-0,39;-0,07
1623517086000000000;20210612_1623517028;DEMO_MODE;A;5845;25,0;13,98;Teststand, manuelle Einstellungen;20,11;13,04;-4,89;-0,94
1623517087000000000;20210612_1623517028;DEMO_MODE;A;5845;25,0;13,98;Teststand, manuelle Einstellungen;23,32;13,68;-1,68;-0,3
1623517087000000000;20210612_1623517028;DEMO_MODE;A;5845;25,0;13,98;Teststand, manuelle Einstellungen;28,89;14,61;3,89;0,63
1623517087000000000;20210612_1623517028;DEMO_MODE;A;5845;25,0;13,98;Teststand, manuelle Einstellungen;27,35;14,37;2,35;0,39
1623517087000000000;20210612_1623517028;DEMO_MODE;A;5845;25,0;13,98;Teststand, manuelle Einstellungen;31,21;14,94;6,21;0,96
1623517088000000000;20210612_1623517028;DEMO_MODE;A;5845;25,0;13,98;Teststand, manuelle Einstellungen;30,92;14,9;5,92;0,92
1623517088000000000;20210612_1623517028;DEMO_MODE;A;5845;25,0;13,98;Teststand, manuelle Einstellungen;23,04;13,62;-1,96;-0,35
1623517088000000000;20210612_1623517028;DEMO_MODE;A;5845;25,0;13,98;Teststand, manuelle Einstellungen;22,38;13,5;-2,62;-0,48
1623517088000000000;20210612_1623517028;DEMO_MODE;A;5845;25,0;13,98;Teststand, manuelle Einstellungen;28,24;14,51;3,24;0,53
1623517089000000000;20210612_1623517028;DEMO_MODE;A;5845;25,0;13,98;Teststand, manuelle Einstellungen;29,77;14,74;4,77;0,76
1623517089000000000;20210612_1623517028;DEMO_MODE;A;5845;25,0;13,98;Teststand, manuelle Einstellungen;20,86;13,19;-4,14;-0,79
1623517089000000000;20210612_1623517028;DEMO_MODE;A;5845;25,0;13,98;Teststand, manuelle Einstellungen;20,71;13,16;-4,29;-0,82
1623517089000000000;20210612_1623517028;DEMO_MODE;A;5845;25,0;13,98;Teststand, manuelle Einstellungen;20,55;13,13;-4,45;-0,85
1623517090000000000;20210612_1623517028;DEMO_MODE;A;5845;25,0;13,98;Teststand, manuelle Einstellungen;24,87;13,96;-0,13;-0,02
1623517090000000000;20210612_1623517028;DEMO_MODE;A;5845;25,0;13,98;Teststand, manuelle Einstellungen;28,58;14,56;3,58;0,58
1623517090000000000;20210612_1623517028;DEMO_MODE;A;5845;25,0;13,98;Teststand, manuelle Einstellungen;28,67;14,57;3,67;0,6
1623517090000000000;20210612_1623517028;DEMO_MODE;A;5845;25,0;13,98;Teststand, manuelle Einstellungen;20,38;13,09;-4,62;-0,89
1623517091000000000;20210612_1623517028;DEMO_MODE;A;5845;25,0;13,98;Teststand, manuelle Einstellungen;21,58;13,34;-3,42;-0,64
1623517091000000000;20210612_1623517028;DEMO_MODE;A;5845;25,0;13,98;Teststand, manuelle Einstellungen;27,3;14,36;2,3;0,38
1623517091000000000;20210612_1623517028;DEMO_MODE;A;5845;25,0;13,98;Teststand, manuelle Einstellungen;23,14;13,64;-1,86;-0,33
1623517091000000000;20210612_1623517028;DEMO_MODE;A;5845;25,0;13,98;Teststand, manuelle Einstellungen;26,65;14,26;1,65;0,28
1623517092000000000;20210612_1623517028;DEMO_MODE;A;5845;25,0;13,98;Teststand, manuelle Einstellungen;28,85;14,6;3,85;0,62
1623517092000000000;20210612_1623517028;DEMO_MODE;A;5845;25,0;13,98;Teststand, manuelle Einstellungen;24,62;13,91;-0,38;-0,07
1623517092000000000;20210612_1623517028;DEMO_MODE;A;5845;25,0;13,98;Teststand, manuelle Einstellungen;23,38;13,69;-1,62;-0,29
1623517092000000000;20210612_1623517028;DEMO_MODE;A;5845;25,0;13,98;Teststand, manuelle Einstellungen;24,32;13,86;-0,68;-0,12
1623517093000000000;20210612_1623517028;DEMO_MODE;A;5845;25,0;13,98;Teststand, manuelle Einstellungen;20,43;13,1;-4,57;-0,88
1623517093000000000;20210612_1623517028;DEMO_MODE;A;5845;25,0;13,98;Teststand, manuelle Einstellungen;27,75;14,43;2,75;0,45
1623517093000000000;20210612_1623517028;DEMO_MODE;A;5845;25,0;13,98;Teststand, manuelle Einstellungen;26,13;14,17;1,13;0,19
1623517093000000000;20210612_1623517028;DEMO_MODE;A;5845;25,0;13,98;Teststand, manuelle Einstellungen;29,39;14,68;4,39;0,7
1623517094000000000;20210612_1623517028;DEMO_MODE;A;5845;25,0;13,98;Teststand, manuelle Einstellungen;25,38;14,04;0,38;0,07
1623517094000000000;20210612_1623517028;DEMO_MODE;A;5845;25,0;13,98;Teststand, manuelle Einstellungen;22,08;13,44;-2,92;-0,54
1623517094000000000;20210612_1623517028;DEMO_MODE;A;5845;25,0;13,98;Teststand, manuelle Einstellungen;20,37;13,09;-4,63;-0,89
1623517095000000000;20210612_1623517028;DEMO_MODE;A;5845;25,0;13,98;Teststand, manuelle Einstellungen;23,3;13,67;-1,7;-0,31
1623517095000000000;20210612_1623517028;DEMO_MODE;A;5845;25,0;13,98;Teststand, manuelle Einstellungen;26,75;14,27;1,75;0,29
1623517095000000000;20210612_1623517028;DEMO_MODE;A;5845;25,0;13,98;Teststand, manuelle Einstellungen;31,1;14,93;6,1;0,95
1623517095000000000;20210612_1623517028;DEMO_MODE;A;5845;25,0;13,98;Teststand, manuelle Einstellungen;21,49;13,32;-3,51;-0,66
1623517096000000000;20210612_1623517028;DEMO_MODE;A;5845;25,0;13,98;Teststand, manuelle Einstellungen;26,1;14,17;1,1;0,19
1623517096000000000;20210612_1623517028;DEMO_MODE;A;5845;25,0;13,98;Teststand, manuelle Einstellungen;29,64;14,72;4,64;0,74
1623517096000000000;20210612_1623517028;DEMO_MODE;A;5845;25,0;13,98;Teststand, manuelle Einstellungen;20,05;13,02;-4,95;-0,96
1623517096000000000;20210612_1623517028;DEMO_MODE;A;5845;25,0;13,98;Teststand, manuelle Einstellungen;24,29;13,85;-0,71;-0,12
1623517097000000000;20210612_1623517028;DEMO_MODE;A;5845;25,0;13,98;Teststand, manuelle Einstellungen;21,7;13,37;-3,3;-0,61
1623517097000000000;20210612_1623517028;DEMO_MODE;A;5845;25,0;13,98;Teststand, manuelle Einstellungen;24,98;13,97;-0,02;-0,0
1623517097000000000;20210612_1623517028;DEMO_MODE;A;5845;25,0;13,98;Teststand, manuelle Einstellungen;23,03;13,62;-1,97;-0,36
1623517097000000000;20210612_1623517028;DEMO_MODE;A;5845;25,0;13,98;Teststand, manuelle Einstellungen;22,29;13,48;-2,71;-0,5
1623517098000000000;20210612_1623517028;DEMO_MODE;A;5845;25,0;13,98;Teststand, manuelle Einstellungen;23,05;13,63;-1,95;-0,35
1623517098000000000;20210612_1623517028;DEMO_MODE;A;5845;25,0;13,98;Teststand, manuelle Einstellungen;21,97;13,42;-3,03;-0,56
1623517098000000000;20210612_1623517028;DEMO_MODE;A;5845;25,0;13,98;Teststand, manuelle Einstellungen;24,32;13,86;-0,68;-0,12
1623517098000000000;20210612_1623517028;DEMO_MODE;A;5845;25,0;13,98;Teststand, manuelle Einstellungen;30,09;14,79;5,09;0,81
1623517099000000000;20210612_1623517028;DEMO_MODE;A;5845;25,0;13,98;Teststand, manuelle Einstellungen;28,89;14,61;3,89;0,63
1623517099000000000;20210612_1623517028;DEMO_MODE;A;5845;25,0;13,98;Teststand, manuelle Einstellungen;20,74;13,17;-4,26;-0,81
1623517099000000000;20210612_1623517028;DEMO_MODE;A;5845;25,0;13,98;Teststand, manuelle Einstellungen;30,63;14,86;5,63;0,88
1623517099000000000;20210612_1623517028;DEMO_MODE;A;5845;25,0;13,98;Teststand, manuelle Einstellungen;22,84;13,59;-2,16;-0,39
1623517100000000000;20210612_1623517028;DEMO_MODE;A;5845;25,0;13,98;Teststand, manuelle Einstellungen;24,1;13,82;-0,9;-0,16
1623517100000000000;20210612_1623517028;DEMO_MODE;A;5845;25,0;13,98;Teststand, manuelle Einstellungen;25,47;14,06;0,47;0,08
1623517100000000000;20210612_1623517028;DEMO_MODE;A;5845;25,0;13,98;Teststand, manuelle Einstellungen;23,69;13,74;-1,31;-0,23
1623517100000000000;20210612_1623517028;DEMO_MODE;A;5845;25,0;13,98;Teststand, manuelle Einstellungen;21,54;13,33;-3,46;-0,65
1623517101000000000;20210612_1623517028;DEMO_MODE;A;5845;25,0;13,98;Teststand, manuelle Einstellungen;22,82;13,58;-2,18;-0,4
1623517101000000000;20210612_1623517028;DEMO_MODE;A;5845;25,0;13,98;Teststand, manuelle Einstellungen;22,66;13,55;-2,34;-0,43
1623517101000000000;20210612_1623517028;DEMO_MODE;A;5845;25,0;13,98;Teststand, manuelle Einstellungen;31,05;14,92;6,05;0,94
1623517101000000000;20210612_1623517028;DEMO_MODE;A;5845;25,0;13,98;Teststand, manuelle Einstellungen;24,57;13,9;-0,43;-0,07
1623517102000000000;20210612_1623517028;DEMO_MODE;A;5845;25,0;13,98;Teststand, manuelle Einstellungen;23,76;13,76;-1,24;-0,22
1623517102000000000;20210612_1623517028;DEMO_MODE;A;5845;25,0;13,98;Teststand, manuelle Einstellungen;20,12;13,04;-4,88;-0,94
1623517102000000000;20210612_1623517028;DEMO_MODE;A;5845;25,0;13,98;Teststand, manuelle Einstellungen;30,87;14,89;5,87;0,92
1623517102000000000;20210612_1623517028;DEMO_MODE;A;5845;25,0;13,98;Teststand, manuelle Einstellungen;23,31;13,68;-1,69;-0,3
1623517103000000000;20210612_1623517028;DEMO_MODE;A;5845;25,0;13,98;Teststand, manuelle Einstellungen;26,25;14,19;1,25;0,21
1623517103000000000;20210612_1623517028;DEMO_MODE;A;5845;25,0;13,98;Teststand, manuelle Einstellungen;22,44;13,51;-2,56;-0,47
1623517103000000000;20210612_1623517028;DEMO_MODE;A;5845;25,0;13,98;Teststand, manuelle Einstellungen;24,89;13,96;-0,11;-0,02
1623517103000000000;20210612_1623517028;DEMO_MODE;A;5845;25,0;13,98;Teststand, manuelle Einstellungen;31,26;14,95;6,26;0,97
1623517104000000000;20210612_1623517028;DEMO_MODE;A;5845;25,0;13,98;Teststand, manuelle Einstellungen;27,92;14,46;2,92;0,48
1623517104000000000;20210612_1623517028;DEMO_MODE;A;5845;25,0;13,98;Teststand, manuelle Einstellungen;27,55;14,4;2,55;0,42
1623517104000000000;20210612_1623517028;DEMO_MODE;A;5845;25,0;13,98;Teststand, manuelle Einstellungen;21,3;13,28;-3,7;-0,69
1623517104000000000;20210612_1623517028;DEMO_MODE;A;5845;25,0;13,98;Teststand, manuelle Einstellungen;27,32;14,37;2,32;0,39
1623517105000000000;20210612_1623517028;DEMO_MODE;A;5845;25,0;13,98;Teststand, manuelle Einstellungen;22,66;13,55;-2,34;-0,43
1623517105000000000;20210612_1623517028;DEMO_MODE;A;5845;25,0;13,98;Teststand, manuelle Einstellungen;23,03;13,62;-1,97;-0,36
1623517105000000000;20210612_1623517028;DEMO_MODE;A;5845;25,0;13,98;Teststand, manuelle Einstellungen;21,08;13,24;-3,92;-0,74
1623517105000000000;20210612_1623517028;DEMO_MODE;A;5845;25,0;13,98;Teststand, manuelle Einstellungen;20,81;13,18;-4,19;-0,8
1623517106000000000;20210612_1623517028;DEMO_MODE;A;5845;25,0;13,98;Teststand, manuelle Einstellungen;27,21;14,35;2,21;0,37
1623517106000000000;20210612_1623517028;DEMO_MODE;A;5845;25,0;13,98;Teststand, manuelle Einstellungen;26,37;14,21;1,37;0,23
1623517106000000000;20210612_1623517028;DEMO_MODE;A;5845;25,0;13,98;Teststand, manuelle Einstellungen;27,1;14,33;2,1;0,35
1623517106000000000;20210612_1623517028;DEMO_MODE;A;5845;25,0;13,98;Teststand, manuelle Einstellungen;29,34;14,67;4,34;0,7
1623517107000000000;20210612_1623517028;DEMO_MODE;A;5845;25,0;13,98;Teststand, manuelle Einstellungen;26,94;14,3;1,94;0,33
1623517107000000000;20210612_1623517028;DEMO_MODE;A;5845;25,0;13,98;Teststand, manuelle Einstellungen;20,54;13,12;-4,46;-0,85
1623517107000000000;20210612_1623517028;DEMO_MODE;A;5845;25,0;13,98;Teststand, manuelle Einstellungen;30,72;14,87;5,72;0,9
1623517107000000000;20210612_1623517028;DEMO_MODE;A;5845;25,0;13,98;Teststand, manuelle Einstellungen;20,32;13,08;-4,68;-0,9
1623517108000000000;20210612_1623517028;DEMO_MODE;A;5845;25,0;13,98;Teststand, manuelle Einstellungen;23,83;13,77;-1,17;-0,21
1623517108000000000;20210612_1623517028;DEMO_MODE;A;5845;25,0;13,98;Teststand, manuelle Einstellungen;26,74;14,27;1,74;0,29
1623517108000000000;20210612_1623517028;DEMO_MODE;A;5845;25,0;13,98;Teststand, manuelle Einstellungen;20,65;13,15;-4,35;-0,83
1623517108000000000;20210612_1623517028;DEMO_MODE;A;5845;25,0;13,98;Teststand, manuelle Einstellungen;23,31;13,68;-1,69;-0,3
1623517109000000000;20210612_1623517028;DEMO_MODE;A;5845;25,0;13,98;Teststand, manuelle Einstellungen;26,05;14,16;1,05;0,18
1623517109000000000;20210612_1623517028;DEMO_MODE;A;5845;25,0;13,98;Teststand, manuelle Einstellungen;29,37;14,68;4,37;0,7
1623517109000000000;20210612_1623517028;DEMO_MODE;A;5845;25,0;13,98;Teststand, manuelle Einstellungen;27,78;14,44;2,78;0,46
1623517109000000000;20210612_1623517028;DEMO_MODE;A;5845;25,0;13,98;Teststand, manuelle Einstellungen;26,87;14,29;1,87;0,31
1623517110000000000;20210612_1623517028;DEMO_MODE;A;5845;25,0;13,98;Teststand, manuelle Einstellungen;30,8;14,89;5,8;0,91
1623517110000000000;20210612_1623517028;DEMO_MODE;A;5845;25,0;13,98;Teststand, manuelle Einstellungen;21,68;13,36;-3,32;-0,62
1623517110000000000;20210612_1623517028;DEMO_MODE;A;5845;25,0;13,98;Teststand, manuelle Einstellungen;23,9;13,78;-1,1;-0,19
1623517110000000000;20210612_1623517028;DEMO_MODE;A;5845;25,0;13,98;Teststand, manuelle Einstellungen;25,07;13,99;0,07;0,01
1623517111000000000;20210612_1623517028;DEMO_MODE;A;5845;25,0;13,98;Teststand, manuelle Einstellungen;22,08;13,44;-2,92;-0,54
1623517111000000000;20210612_1623517028;DEMO_MODE;A;5845;25,0;13,98;Teststand, manuelle Einstellungen;23,18;13,65;-1,82;-0,33
1623517111000000000;20210612_1623517028;DEMO_MODE;A;5845;25,0;13,98;Teststand, manuelle Einstellungen;22,66;13,55;-2,34;-0,43
1623517112000000000;20210612_1623517028;DEMO_MODE;A;5845;25,0;13,98;Teststand, manuelle Einstellungen;20,68;13,15;-4,32;-0,82
1623517112000000000;20210612_1623517028;DEMO_MODE;A;5845;25,0;13,98;Teststand, manuelle Einstellungen;29,38;14,68;4,38;0,7
1623517112000000000;20210612_1623517028;DEMO_MODE;A;5845;25,0;13,98;Teststand, manuelle Einstellungen;24,96;13,97;-0,04;-0,01
1623517112000000000;20210612_1623517028;DEMO_MODE;A;5845;25,0;13,98;Teststand, manuelle Einstellungen;29,6;14,71;4,6;0,73
1623517113000000000;20210612_1623517028;DEMO_MODE;A;5845;25,0;13,98;Teststand, manuelle Einstellungen;22,55;13,53;-2,45;-0,45
1623517113000000000;20210612_1623517028;DEMO_MODE;A;5845;25,0;13,98;Teststand, manuelle Einstellungen;23,06;13,63;-1,94;-0,35
1623517113000000000;20210612_1623517028;DEMO_MODE;A;5845;25,0;13,98;Teststand, manuelle Einstellungen;23,17;13,65;-1,83;-0,33
1623517113000000000;20210612_1623517028;DEMO_MODE;A;5845;25,0;13,98;Teststand, manuelle Einstellungen;22,57;13,54;-2,43;-0,44
1623517114000000000;20210612_1623517028;DEMO_MODE;A;5845;25,0;13,98;Teststand, manuelle Einstellungen;26,38;14,21;1,38;0,23
1623517114000000000;20210612_1623517028;DEMO_MODE;A;5845;25,0;13,98;Teststand, manuelle Einstellungen;29,32;14,67;4,32;0,69
1623517114000000000;20210612_1623517028;DEMO_MODE;A;5845;25,0;13,98;Teststand, manuelle Einstellungen;27,54;14,4;2,54;0,42
1623517114000000000;20210612_1623517028;DEMO_MODE;A;5845;25,0;13,98;Teststand, manuelle Einstellungen;30,44;14,83;5,44;0,86
1623517115000000000;20210612_1623517028;DEMO_MODE;A;5845;25,0;13,98;Teststand, manuelle Einstellungen;25,75;14,11;0,75;0,13
1623517115000000000;20210612_1623517028;DEMO_MODE;A;5845;25,0;13,98;Teststand, manuelle Einstellungen;28,94;14,62;3,94;0,64
1623517115000000000;20210612_1623517028;DEMO_MODE;A;5845;25,0;13,98;Teststand, manuelle Einstellungen;21,27;13,28;-3,73;-0,7
1623517115000000000;20210612_1623517028;DEMO_MODE;A;5845;25,0;13,98;Teststand, manuelle Einstellungen;25,57;14,08;0,57;0,1
1623517116000000000;20210612_1623517028;DEMO_MODE;A;5845;25,0;13,98;Teststand, manuelle Einstellungen;23,31;13,68;-1,69;-0,3
1623517116000000000;20210612_1623517028;DEMO_MODE;A;5845;25,0;13,98;Teststand, manuelle Einstellungen;26,37;14,21;1,37;0,23
1623517116000000000;20210612_1623517028;DEMO_MODE;A;5845;25,0;13,98;Teststand, manuelle Einstellungen;21,48;13,32;-3,52;-0,66
1623517116000000000;20210612_1623517028;DEMO_MODE;A;5845;25,0;13,98;Teststand, manuelle Einstellungen;24,81;13,95;-0,19;-0,03
1623517117000000000;20210612_1623517028;DEMO_MODE;A;5845;25,0;13,98;Teststand, manuelle Einstellungen;30,67;14,87;5,67;0,89
1623517117000000000;20210612_1623517028;DEMO_MODE;A;5845;25,0;13,98;Teststand, manuelle Einstellungen;20,63;13,14;-4,37;-0,83
1623517117000000000;20210612_1623517028;DEMO_MODE;A;5845;25,0;13,98;Teststand, manuelle Einstellungen;31,5;14,98;6,5;1,0
1623517117000000000;20210612_1623517028;DEMO_MODE;A;5845;25,0;13,98;Teststand, manuelle Einstellungen;21,77;13,38;-3,23;-0,6
1623517118000000000;20210612_1623517028;DEMO_MODE;A;5845;25,0;13,98;Teststand, manuelle Einstellungen;27,25;14,35;2,25;0,38
1623517118000000000;20210612_1623517028;DEMO_MODE;A;5845;25,0;13,98;Teststand, manuelle Einstellungen;22,54;13,53;-2,46;-0,45
1623517118000000000;20210612_1623517028;DEMO_MODE;A;5845;25,0;13,98;Teststand, manuelle Einstellungen;23,82;13,77;-1,18;-0,21
1623517118000000000;20210612_1623517028;DEMO_MODE;A;5845;25,0;13,98;Teststand, manuelle Einstellungen;22,57;13,54;-2,43;-0,44
1623517119000000000;20210612_1623517028;DEMO_MODE;A;5845;25,0;13,98;Teststand, manuelle Einstellungen;28,08;14,48;3,08;0,51
1623517119000000000;20210612_1623517028;DEMO_MODE;A;5845;25,0;13,98;Teststand, manuelle Einstellungen;21,45;13,31;-3,55;-0,66
1623517119000000000;20210612_1623517028;DEMO_MODE;A;5845;25,0;13,98;Teststand, manuelle Einstellungen;26,96;14,31;1,96;0,33
1623517119000000000;20210612_1623517028;DEMO_MODE;A;5845;25,0;13,98;Teststand, manuelle Einstellungen;29,08;14,64;4,08;0,66
1623517120000000000;20210612_1623517028;DEMO_MODE;A;5845;25,0;13,98;Teststand, manuelle Einstellungen;29,56;14,71;4,56;0,73
1623517120000000000;20210612_1623517028;DEMO_MODE;A;5845;25,0;13,98;Teststand, manuelle Einstellungen;30,18;14,8;5,18;0,82
1623517120000000000;20210612_1623517028;DEMO_MODE;A;5845;25,0;13,98;Teststand, manuelle Einstellungen;29,38;14,68;4,38;0,7
1623517120000000000;20210612_1623517028;DEMO_MODE;A;5845;25,0;13,98;Teststand, manuelle Einstellungen;21,74;13,37;-3,26;-0,61
1623517121000000000;20210612_1623517028;DEMO_MODE;A;5845;25,0;13,98;Teststand, manuelle Einstellungen;27,91;14,46;2,91;0,48
1623517121000000000;20210612_1623517028;DEMO_MODE;A;5845;25,0;13,98;Teststand, manuelle Einstellungen;28,6;14,56;3,6;0,59
1623517121000000000;20210612_1623517028;DEMO_MODE;A;5845;25,0;13,98;Teststand, manuelle Einstellungen;24,98;13,97;-0,02;-0,0
1623517121000000000;20210612_1623517028;DEMO_MODE;A;5845;25,0;13,98;Teststand, manuelle Einstellungen;22,87;13,59;-2,13;-0,39
1623517122000000000;20210612_1623517028;DEMO_MODE;A;5845;25,0;13,98;Teststand, manuelle Einstellungen;27,1;14,33;2,1;0,35
1623517122000000000;20210612_1623517028;DEMO_MODE;A;5845;25,0;13,98;Teststand, manuelle Einstellungen;27,21;14,35;2,21;0,37
1623517122000000000;20210612_1623517028;DEMO_MODE;A;5845;25,0;13,98;Teststand, manuelle Einstellungen;31,58;14,99;6,58;1,02
1623517122000000000;20210612_1623517028;DEMO_MODE;A;5845;25,0;13,98;Teststand, manuelle Einstellungen;22,24;13,47;-2,76;-0,51
1623517123000000000;20210612_1623517028;DEMO_MODE;A;5845;25,0;13,98;Teststand, manuelle Einstellungen;25,1;14,0;0,1;0,02
1623517123000000000;20210612_1623517028;DEMO_MODE;A;5845;25,0;13,98;Teststand, manuelle Einstellungen;20,9;13,2;-4,1;-0,78
1623517123000000000;20210612_1623517028;DEMO_MODE;A;5845;25,0;13,98;Teststand, manuelle Einstellungen;22,83;13,59;-2,17;-0,39
1623517123000000000;20210612_1623517028;DEMO_MODE;A;5845;25,0;13,98;Teststand, manuelle Einstellungen;27,8;14,44;2,8;0,46
1623517124000000000;20210612_1623517028;DEMO_MODE;A;5845;25,0;13,98;Teststand, manuelle Einstellungen;30,77;14,88;5,77;0,9
1623517124000000000;20210612_1623517028;DEMO_MODE;A;5845;25,0;13,98;Teststand, manuelle Einstellungen;25,83;14,12;0,83;0,14
1623517124000000000;20210612_1623517028;DEMO_MODE;A;5845;25,0;13,98;Teststand, manuelle Einstellungen;24,5;13,89;-0,5;-0,09
1623517124000000000;20210612_1623517028;DEMO_MODE;A;5845;25,0;13,98;Teststand, manuelle Einstellungen;26,47;14,23;1,47;0,25
1623517125000000000;20210612_1623517028;DEMO_MODE;A;5845;25,0;13,98;Teststand, manuelle Einstellungen;20,34;13,08;-4,66;-0,9
1623517125000000000;20210612_1623517028;DEMO_MODE;A;5845;25,0;13,98;Teststand, manuelle Einstellungen;30,68;14,87;5,68;0,89
1623517125000000000;20210612_1623517028;DEMO_MODE;A;5845;25,0;13,98;Teststand, manuelle Einstellungen;23,25;13,66;-1,75;-0,31
1623517125000000000;20210612_1623517028;DEMO_MODE;A;5845;25,0;13,98;Teststand, manuelle Einstellungen;30,3;14,81;5,3;0,84
1623517126000000000;20210612_1623517028;DEMO_MODE;A;5845;25,0;13,98;Teststand, manuelle Einstellungen;22,65;13,55;-2,35;-0,43
1623517126000000000;20210612_1623517028;DEMO_MODE;A;5845;25,0;13,98;Teststand, manuelle Einstellungen;29,59;14,71;4,59;0,73
1623517126000000000;20210612_1623517028;DEMO_MODE;A;5845;25,0;13,98;Teststand, manuelle Einstellungen;29,47;14,69;4,47;0,72
1623517126000000000;20210612_1623517028;DEMO_MODE;A;5845;25,0;13,98;Teststand, manuelle Einstellungen;22,68;13,56;-2,32;-0,42
1623517127000000000;20210612_1623517028;DEMO_MODE;A;5845;25,0;13,98;Teststand, manuelle Einstellungen;27,01;14,31;2,01;0,34
1623517127000000000;20210612_1623517028;DEMO_MODE;A;5845;25,0;13,98;Teststand, manuelle Einstellungen;27,92;14,46;2,92;0,48
1623517127000000000;20210612_1623517028;DEMO_MODE;A;5845;25,0;13,98;Teststand, manuelle Einstellungen;20,28;13,07;-4,72;-0,91
1623517127000000000;20210612_1623517028;DEMO_MODE;A;5845;25,0;13,98;Teststand, manuelle Einstellungen;22,84;13,59;-2,16;-0,39
1623517128000000000;20210612_1623517028;DEMO_MODE;A;5845;25,0;13,98;Teststand, manuelle Einstellungen;24,17;13,83;-0,83;-0,15
1623517128000000000;20210612_1623517028;DEMO_MODE;A;5845;25,0;13,98;Teststand, manuelle Einstellungen;20,08;13,03;-4,92;-0,95
1623517128000000000;20210612_1623517028;DEMO_MODE;A;5845;25,0;13,98;Teststand, manuelle Einstellungen;21,07;13,24;-3,93;-0,74
1623517128000000000;20210612_1623517028;DEMO_MODE;A;5845;25,0;13,98;Teststand, manuelle Einstellungen;23,8;13,77;-1,2;-0,21
1623517129000000000;20210612_1623517028;DEMO_MODE;A;5845;25,0;13,98;Teststand, manuelle Einstellungen;29,6;14,71;4,6;0,73
1623517129000000000;20210612_1623517028;DEMO_MODE;A;5845;25,0;13,98;Teststand, manuelle Einstellungen;21,11;13,24;-3,89;-0,73
1623517129000000000;20210612_1623517028;DEMO_MODE;A;5845;25,0;13,98;Teststand, manuelle Einstellungen;29,5;14,7;4,5;0,72
1623517129000000000;20210612_1623517028;DEMO_MODE;A;5845;25,0;13,98;Teststand, manuelle Einstellungen;27,56;14,4;2,56;0,42
1623517130000000000;20210612_1623517028;DEMO_MODE;A;5845;25,0;13,98;Teststand, manuelle Einstellungen;27,55;14,4;2,55;0,42
1623517130000000000;20210612_1623517028;DEMO_MODE;A;5845;25,0;13,98;Teststand, manuelle Einstellungen;21,34;13,29;-3,66;-0,69
1623517130000000000;20210612_1623517028;DEMO_MODE;A;5845;25,0;13,98;Teststand, manuelle Einstellungen;30,09;14,78;5,09;0,81
1623517131000000000;20210612_1623517028;DEMO_MODE;A;5845;25,0;13,98;Teststand, manuelle Einstellungen;27,17;14,34;2,17;0,36
1623517131000000000;20210612_1623517028;DEMO_MODE;A;5845;25,0;13,98;Teststand, manuelle Einstellungen;24,79;13,94;-0,21;-0,04
1623517131000000000;20210612_1623517028;DEMO_MODE;A;5845;25,0;13,98;Teststand, manuelle Einstellungen;27,37;14,37;2,37;0,39
1623517131000000000;20210612_1623517028;DEMO_MODE;A;5845;25,0;13,98;Teststand, manuelle Einstellungen;30,05;14,78;5,05;0,8
1623517132000000000;20210612_1623517028;DEMO_MODE;A;5845;25,0;13,98;Teststand, manuelle Einstellungen;23,3;13,67;-1,7;-0,31
1623517132000000000;20210612_1623517028;DEMO_MODE;A;5845;25,0;13,98;Teststand, manuelle Einstellungen;26,45;14,22;1,45;0,25
1623517132000000000;20210612_1623517028;DEMO_MODE;A;5845;25,0;13,98;Teststand, manuelle Einstellungen;26,82;14,29;1,82;0,31
1623517132000000000;20210612_1623517028;DEMO_MODE;A;5845;25,0;13,98;Teststand, manuelle Einstellungen;26,39;14,21;1,39;0,24
1623517133000000000;20210612_1623517028;DEMO_MODE;A;5845;25,0;13,98;Teststand, manuelle Einstellungen;31,33;14,96;6,33;0,98
1623517133000000000;20210612_1623517028;DEMO_MODE;A;5845;25,0;13,98;Teststand, manuelle Einstellungen;20,46;13,11;-4,54;-0,87
1623517133000000000;20210612_1623517028;DEMO_MODE;A;5845;25,0;13,98;Teststand, manuelle Einstellungen;20,15;13,04;-4,85;-0,94
1623517133000000000;20210612_1623517028;DEMO_MODE;A;5845;25,0;13,98;Teststand, manuelle Einstellungen;20,71;13,16;-4,29;-0,82
1623517134000000000;20210612_1623517028;DEMO_MODE;A;5845;25,0;13,98;Teststand, manuelle Einstellungen;22,44;13,51;-2,56;-0,47
1623517134000000000;20210612_1623517028;DEMO_MODE;A;5845;25,0;13,98;Teststand, manuelle Einstellungen;22,02;13,43;-2,98;-0,55
1623517134000000000;20210612_1623517028;DEMO_MODE;A;5845;25,0;13,98;Teststand, manuelle Einstellungen;30,03;14,78;5,03;0,8
1623517134000000000;20210612_1623517028;DEMO_MODE;A;5845;25,0;13,98;Teststand, manuelle Einstellungen;25,79;14,11;0,79;0,14
1623517135000000000;20210612_1623517028;DEMO_MODE;A;5845;25,0;13,98;Teststand, manuelle Einstellungen;27,91;14,46;2,91;0,48
1623517135000000000;20210612_1623517028;DEMO_MODE;A;5845;25,0;13,98;Teststand, manuelle Einstellungen;28,29;14,52;3,29;0,54
1623517135000000000;20210612_1623517028;DEMO_MODE;A;5845;25,0;13,98;Teststand, manuelle Einstellungen;26,96;14,31;1,96;0,33
1623517135000000000;20210612_1623517028;DEMO_MODE;A;5845;25,0;13,98;Teststand, manuelle Einstellungen;27,66;14,42;2,66;0,44
1623517136000000000;20210612_1623517028;DEMO_MODE;A;5845;25,0;13,98;Teststand, manuelle Einstellungen;29,19;14,65;4,19;0,67
1623517136000000000;20210612_1623517028;DEMO_MODE;A;5845;25,0;13,98;Teststand, manuelle Einstellungen;20,25;13,06;-4,75;-0,91
1623517136000000000;20210612_1623517028;DEMO_MODE;A;5845;25,0;13,98;Teststand, manuelle Einstellungen;26,56;14,24;1,56;0,26
